protein,contrast,module,MM,GS,score,top_term,top_term_fdr
EFCAB14,PT1/PT2,dimgrey,0.844,0.787,0.664,,
CLEC14A,PT1/PT2,dimgrey,0.868,0.754,0.654,,
AP3B1,PR2/PT2,black,0.926,0.632,0.586,Lysosome,3.6e-06
TNFRSF19,PT1/PT2,dimgrey,0.826,0.708,0.585,Cytokine-cytokine receptor interaction,8.5e-08
MESD,PR2/PT2,black,0.913,0.637,0.582,Phagocytosis,1.4e-06
LAYN,PT1/PT2,dimgrey,0.914,0.63,0.576,,
TNFRSF1A,PT1/PT2,dimgrey,0.805,0.711,0.572,Cytokine-cytokine receptor interaction,8.5e-08
ABL1,PR2/PT2,black,0.963,0.593,0.571,Positive Regulation Of Peptidyl-Tyrosine Phosphorylation,2.2e-10
SCARF2,PT1/PT2,dimgrey,0.833,0.681,0.567,,
TRIAP1,PR2/PT2,black,0.91,0.623,0.567,Negative Regulation Of Apoptotic Process,7.4e-08
HDGFL2,PR2/PT2,black,0.962,0.587,0.565,Positive Regulation Of Cellular Process,5.4e-07
GFER,PR2/PT2,black,0.929,0.605,0.562,,
CIRBP,PR2/PT2,black,0.948,0.589,0.558,Positive Regulation Of Protein Metabolic Process,2.6e-02
SERPINB6,PR2/PT2,black,0.944,0.591,0.558,Negative Regulation Of Peptidase Activity,1.2e-06
EDN1,PT1/PT2,dimgrey,0.775,0.716,0.555,Positive Regulation Of Cell Population Proliferation,5.4e-04
TXNRD1,PR2/PT2,black,0.764,0.724,0.553,Pathways in cancer,2.0e-04
CC2D1A,PR2/PT2,black,0.951,0.581,0.552,Positive Regulation Of Intracellular Signal Transduction,1.1e-12
MYO9B,PR2/PT2,black,0.927,0.592,0.549,Regulation Of Rho Protein Signal Transduction,3.4e-03
BIN2,PR2/PT2,black,0.918,0.597,0.548,Phagocytosis,1.4e-06
HARS1,PR2/PT2,black,0.919,0.586,0.539,,
NECTIN2,PT1/PT2,dimgrey,0.841,0.638,0.537,Cell adhesion molecules,3.2e-04
STX7,PR2/PT2,black,0.952,0.564,0.537,Regulation Of Protein Localization To Plasma Membrane,1.9e-04
SNAP29,PR2/PT2,black,0.966,0.557,0.537,SNARE interactions in vesicular transport,1.2e-03
YES1,PR2/PT2,black,0.964,0.557,0.537,Transmembrane Receptor Protein Tyrosine Kinase Signaling Pathway,1.3e-05
MYDGF,PR2/PT2,black,0.941,0.57,0.536,Positive Regulation Of Intracellular Signal Transduction,1.1e-12
FAM172A,PR2/PT2,black,0.926,0.578,0.535,,
OXCT1,PR2/PT2,black,0.862,0.62,0.535,,
FAM3C,PT1/PT2,dimgrey,0.788,0.679,0.535,,
L3HYPDH,PR2/PT2,black,0.814,0.655,0.533,,
DUT,PR2/PT2,black,0.937,0.569,0.533,Pyrimidine metabolism,7.0e-03
CRKL,PR2/PT2,black,0.949,0.56,0.532,Positive Regulation Of MAPK Cascade,1.1e-10
ARF6,PR2/PT2,black,0.939,0.566,0.532,Yersinia infection,3.6e-06
CMC1,PR2/PT2,black,0.943,0.562,0.53,,
TXNDC5,PR2/PT2,black,0.953,0.556,0.53,Negative Regulation Of Apoptotic Process,7.4e-08
ERP29,PR2/PT2,black,0.947,0.56,0.53,Positive Regulation Of MAPK Cascade,1.1e-10
EBAG9,PR2/PT2,black,0.954,0.555,0.529,Regulation Of Cell Growth,8.2e-03
SNAP23,PR2/PT2,black,0.946,0.557,0.527,Platelet activation,9.7e-05
HSPG2,PT1/PT2,dimgrey,0.792,0.665,0.527,Inflammatory Response,3.4e-03
FKBP5,PR2/PT2,black,0.969,0.544,0.527,,
PPCDC,PR2/PT2,black,0.821,0.642,0.527,,
ASRGL1,PR2/PT2,black,0.879,0.599,0.527,Protein Processing,2.9e-03
HPCAL1,PR2/PT2,black,0.915,0.576,0.527,,
TOMM20,PR2/PT2,black,0.911,0.577,0.526,,
PPIB,PR2/PT2,black,0.924,0.569,0.526,Neutrophil Migration,7.0e-09
ATP5IF1,PR2/PT2,black,0.924,0.569,0.526,Regulation Of Endothelial Cell Proliferation,4.4e-06
PLEKHO1,PR2/PT2,black,0.901,0.582,0.525,,
FIS1,PR2/PT2,black,0.811,0.648,0.525,Positive Regulation Of Intracellular Signal Transduction,1.1e-12
DNAJC6,PR2/PT2,black,0.925,0.567,0.524,Endocytosis,5.9e-03
APOA4,PT1/PT2,dimgrey,0.871,0.602,0.524,Lipid and atherosclerosis,4.3e-02
MARS1,PR2/PT2,black,0.941,0.557,0.524,Cellular Response To Growth Factor Stimulus,5.4e-05
DNAJB14,PR2/PT2,black,0.95,0.549,0.522,Protein-Containing Complex Assembly,1.1e-03
CRIM1,PT1/PT2,lightgrey,0.836,0.623,0.521,Nervous System Development,4.2e-02
CCL16,PT1/PT2,dimgrey,0.755,0.691,0.521,Cytokine-cytokine receptor interaction,8.5e-08
CEP170,PR2/PT2,black,0.943,0.551,0.52,,
PTPN1,PR2/PT2,black,0.974,0.534,0.52,Positive Regulation Of Peptidyl-Tyrosine Phosphorylation,2.2e-10
TWF2,PR2/PT2,black,0.947,0.549,0.52,Cellular Response To Growth Factor Stimulus,5.4e-05
MANF,PR2/PT2,black,0.962,0.539,0.518,,
TBCC,PR2/PT2,black,0.962,0.538,0.518,Protein-Containing Complex Assembly,1.1e-03
STIP1,PR2/PT2,black,0.905,0.572,0.517,,
MSRA,PR2/PT2,black,0.952,0.543,0.517,Cellular Response To Chemical Stress,1.8e-03
NUDT5,PR2/PT2,black,0.972,0.53,0.515,,
SHISA5,PT1/PT2,dimgrey,0.769,0.668,0.514,Positive Regulation Of Intracellular Signal Transduction,3.4e-03
ARL2BP,PR2/PT2,black,0.845,0.609,0.514,Positive Regulation Of Peptidyl-Tyrosine Phosphorylation,2.2e-10
CRYZL1,PR2/PT2,black,0.924,0.557,0.514,,
PLA2G4A,PR2/PT2,black,0.913,0.563,0.514,MAPK signaling pathway,2.8e-07
ENO2,PR2/PT2,black,0.924,0.556,0.514,HIF-1 signaling pathway,1.6e-03
ERBIN,PR2/PT2,black,0.956,0.538,0.514,Response To Tumor Necrosis Factor,1.5e-09
HHEX,PR2/PT2,black,0.927,0.553,0.513,Regulation Of Cell Population Proliferation,9.3e-09
VPS37A,PR2/PT2,black,0.937,0.547,0.513,Endocytosis,5.9e-03
MGLL,PR2/PT2,black,0.928,0.553,0.513,Inflammatory Response,2.3e-09
CDC42BPB,PR2/PT2,black,0.932,0.55,0.513,Protein Phosphorylation,2.9e-02
F11R,PR2/PT2,black,0.973,0.527,0.512,Cell adhesion molecules,4.6e-15
CDH1,PT1/PT2,dimgrey,0.878,0.582,0.511,Cell adhesion molecules,3.2e-04
PARK7,PR2/PT2,black,0.909,0.561,0.51,Positive Regulation Of Intracellular Signal Transduction,1.1e-12
PMVK,PR2/PT2,black,0.972,0.524,0.509,,
PRKG1,PR2/PT2,black,0.901,0.564,0.508,Platelet activation,9.7e-05
METAP2,PR2/PT2,black,0.956,0.531,0.508,Proteolysis,3.4e-09
DIABLO,PR2/PT2,black,0.932,0.544,0.507,Regulation Of Apoptotic Process,2.5e-05
GRAP2,PR2/PT2,black,0.918,0.551,0.506,Regulation Of MAPK Cascade,6.2e-09
AKR1B1,PR2/PT2,black,0.88,0.574,0.506,Positive Regulation Of Cell Population Proliferation,1.3e-09
DARS1,PR2/PT2,black,0.933,0.542,0.506,Protein-Containing Complex Assembly,1.1e-03
PIK3IP1,PT1/PT2,dimgrey,0.811,0.624,0.506,Negative Regulation Of Phosphatidylinositol 3-Kinase Signaling,3.3e-02
MAVS,PR2/PT2,black,0.959,0.527,0.505,Positive Regulation Of Intracellular Signal Transduction,1.1e-12
HTRA2,PR2/PT2,black,0.912,0.554,0.505,Proteolysis,3.4e-09
MTSS1,PR2/PT2,black,0.939,0.538,0.505,Transmembrane Receptor Protein Tyrosine Kinase Signaling Pathway,1.3e-05
SCRIB__Cardiometabolic_II,PR2/PT2,black,0.881,0.573,0.505,,
NPC2,PT1/PT2,dimgrey,0.918,0.549,0.504,Lysosome,5.7e-03
LGALS8,PR2/PT2,black,0.927,0.544,0.504,,
MIF,PR2/PT2,black,0.945,0.533,0.504,Tyrosine metabolism,1.8e-03
PPP1R12A,PR2/PT2,black,0.923,0.545,0.503,Regulation Of Cell Adhesion,1.7e-09
CST3,PT1/PT2,dimgrey,0.789,0.638,0.503,Negative Regulation Of Proteolysis,1.1e-02
UBE2L6,PR2/PT2,black,0.928,0.541,0.502,,
DNMBP,PR2/PT2,black,0.959,0.523,0.502,Regulation Of Intracellular Signal Transduction,2.2e-02
DBNL,PR2/PT2,black,0.958,0.523,0.501,Protein-Containing Complex Assembly,1.1e-03
NT5C,PR2/PT2,black,0.937,0.535,0.501,Pyrimidine metabolism,7.0e-03
MTIF3,PR2/PT2,black,0.901,0.555,0.5,,
ACOT13,PR2/PT2,black,0.903,0.554,0.5,Negative Regulation Of Multicellular Organismal Process,1.0e-02
EHBP1,PR2/PT2,black,0.916,0.546,0.5,,
PDLIM5,PR2/PT2,black,0.98,0.509,0.499,Circulatory System Development,1.4e-03
SARG,PR2/PT2,black,0.911,0.547,0.499,,
ATG16L1,PR2/PT2,black,0.931,0.536,0.499,,
RWDD1,PR2/PT2,black,0.922,0.54,0.498,,
CIAPIN1,PR2/PT2,black,0.954,0.522,0.498,Negative Regulation Of Apoptotic Process,7.4e-08
GLOD4,PR2/PT2,black,0.962,0.517,0.497,,
NFATC1,PR2/PT2,black,0.875,0.568,0.497,Lipid and atherosclerosis,1.8e-07
MITD1,PR2/PT2,black,0.929,0.534,0.496,Vesicle-Mediated Transport,5.8e-03
SKAP2,PR2/PT2,black,0.967,0.513,0.496,Yersinia infection,3.6e-06
DBN1,PR2/PT2,black,0.901,0.55,0.496,Regulation Of Neuron Projection Development,4.6e-03
ENO1,PR2/PT2,black,0.919,0.54,0.496,Negative Regulation Of Cellular Process,4.6e-06
MAP3K5,PR2/PT2,black,0.956,0.519,0.496,Positive Regulation Of Protein Phosphorylation,6.5e-08
SERPINB1,PR2/PT2,black,0.924,0.536,0.495,Negative Regulation Of Peptidase Activity,1.2e-06
NFE2,PR2/PT2,black,0.917,0.539,0.495,,
STK4,PR2/PT2,black,0.895,0.554,0.495,Positive Regulation Of Phosphorylation,3.7e-09
CDC26,PR2/PT2,black,0.703,0.703,0.494,,
CD69,PR2/PT2,black,0.97,0.508,0.493,,
ESYT2,PR2/PT2,black,0.921,0.535,0.493,,
DBI,PR2/PT2,black,0.934,0.527,0.493,,
EGFLAM,PT1/PT2,lightgrey,0.759,0.648,0.492,,
PDLIM7,PR2/PT2,black,0.94,0.523,0.492,Circulatory System Development,1.4e-03
SRC,PR2/PT2,black,0.949,0.518,0.492,Positive Regulation Of Intracellular Signal Transduction,1.1e-12
RNF5,PR2/PT2,black,0.865,0.568,0.492,Organonitrogen Compound Catabolic Process,7.1e-06
PRKAR2A,PR2/PT2,black,0.953,0.516,0.492,Negative Regulation Of Protein Serine/Threonine Kinase Activity,1.7e-02
CA13,PR2/PT2,black,0.904,0.543,0.491,Nitrogen metabolism,5.9e-03
CACYBP,PR2/PT2,black,0.936,0.523,0.49,Circulatory System Development,1.4e-03
TJAP1,PR2/PT2,black,0.921,0.533,0.49,,
CHMP6,PR2/PT2,black,0.87,0.562,0.489,Negative Regulation Of Cellular Process,4.6e-06
RAB27B,PR2/PT2,black,0.971,0.503,0.489,Vesicle-Mediated Transport,5.8e-03
CETN2,PR2/PT2,black,0.914,0.535,0.489,,
TACC3,PR2/PT2,black,0.914,0.533,0.487,,
DTD1,PR2/PT2,black,0.877,0.556,0.487,,
DNAJA2,PR2/PT2,black,0.966,0.504,0.487,Positive Regulation Of Cell Population Proliferation,1.3e-09
ARHGEF12,PR2/PT2,black,0.925,0.527,0.487,Proteoglycans in cancer,1.8e-07
DMD,PR2/PT2,black,0.891,0.546,0.487,Viral myocarditis,1.1e-03
MAP4K5,PR2/PT2,black,0.926,0.525,0.486,Protein Phosphorylation,2.9e-02
RHOC,PR2/PT2,black,0.917,0.53,0.486,Positive Regulation Of Intracellular Signal Transduction,1.1e-12
GIGYF2,PR2/PT2,black,0.941,0.516,0.486,Transmembrane Receptor Protein Tyrosine Kinase Signaling Pathway,1.3e-05
FXN,PR2/PT2,black,0.908,0.535,0.486,Positive Regulation Of Cell Population Proliferation,1.3e-09
PPP1R2,PR2/PT2,black,0.883,0.551,0.486,,
INPPL1,PR2/PT2,black,0.917,0.529,0.486,Negative Regulation Of Signal Transduction,8.7e-04
WASHC3,PR2/PT2,black,0.945,0.512,0.484,Vesicle-Mediated Transport,5.8e-03
SMTN,PR2/PT2,black,0.953,0.508,0.484,,
LONP1,PR2/PT2,black,0.903,0.536,0.484,Proteolysis,3.4e-09
EHD3,PR2/PT2,black,0.858,0.564,0.484,Endocytosis,2.3e-03
APRT,PR2/PT2,black,0.935,0.517,0.483,,
DAG1,PR2/PT2,black,0.88,0.548,0.482,Regulation Of Cell Migration,3.7e-11
GYS1,PR2/PT2,black,0.793,0.608,0.482,PI3K-Akt signaling pathway,7.8e-06
ARHGAP45,PR2/PT2,black,0.891,0.54,0.481,Positive Regulation Of GTPase Activity,6.0e-03
EIF4G1,PR2/PT2,black,0.9,0.533,0.48,Positive Regulation Of Protein Phosphorylation,6.5e-08
IRAK1,PR2/PT2,black,0.912,0.526,0.48,Positive Regulation Of Intracellular Signal Transduction,1.1e-12
HSPA1A,PR2/PT2,black,0.912,0.526,0.48,Positive Regulation Of Cytokine Production,3.7e-09
CASP3,PR2/PT2,black,0.894,0.537,0.48,Response To Tumor Necrosis Factor,1.5e-09
GCC1,PR2/PT2,black,0.913,0.525,0.479,,
NUDC,PR2/PT2,black,0.894,0.535,0.479,,
GTPBP2,PR2/PT2,black,0.933,0.512,0.478,,
FABP5,PR2/PT2,black,0.841,0.567,0.477,Positive Regulation Of Multicellular Organismal Process,7.1e-03
STAMBP,PR2/PT2,black,0.932,0.512,0.477,Positive Regulation Of Cell Population Proliferation,1.3e-09
STX4,PR2/PT2,black,0.937,0.508,0.476,Regulation Of Cell Migration,3.7e-11
VTI1A,PR2/PT2,black,0.947,0.501,0.475,SNARE interactions in vesicular transport,1.2e-03
NAP1L4,PR2/PT2,black,0.93,0.511,0.475,,
HIP1R,PT1/PT2,dimgrey,0.707,0.671,0.475,Receptor-Mediated Endocytosis,1.1e-02
PAG1,PR2/PT2,black,0.89,0.533,0.475,Negative Regulation Of T Cell Activation,2.2e-02
TRIM25,PR2/PT2,black,0.921,0.515,0.474,Positive Regulation Of Intracellular Signal Transduction,1.1e-12
CDKN1A,PR2/PT2,black,0.924,0.513,0.474,Positive Regulation Of Cell Population Proliferation,1.3e-09
NDUFB7,PR2/PT2,black,0.808,0.586,0.473,,
TDRKH,PR2/PT2,black,0.934,0.506,0.473,,
TBL1X,PR2/PT2,black,0.925,0.51,0.472,Proteolysis,3.4e-09
EEF1D,PR2/PT2,black,0.932,0.506,0.472,Positive Regulation Of Intracellular Signal Transduction,1.1e-12
DCTN1,PR2/PT2,black,0.943,0.501,0.472,Synapse Organization,7.9e-03
TNFRSF14,PT1/PT2,dimgrey,0.889,0.53,0.471,Cytokine-cytokine receptor interaction,8.5e-08
CRACR2A,PR2/PT2,black,0.914,0.515,0.471,Positive Regulation Of Calcium Ion Transport,2.3e-02
RILPL2,PR2/PT2,black,0.892,0.528,0.471,,
RBPMS2,PR2/PT2,black,0.916,0.512,0.469,Positive Regulation Of Cell Population Proliferation,1.3e-09
BAG6,PR2/PT2,black,0.878,0.534,0.469,Negative Regulation Of Proteolysis,5.5e-04
CNP,PR2/PT2,black,0.935,0.502,0.469,,
CTSO,PT1/PT2,lightgrey,0.788,0.595,0.469,Lysosome,1.4e-07
CTSC,PT1/PT2,lightgrey,0.791,0.591,0.468,Proteolysis,1.7e-15
BRAP,PR2/PT2,black,0.918,0.509,0.467,Ras signaling pathway,5.0e-04
FYB1,PR2/PT2,black,0.89,0.522,0.465,Yersinia infection,3.6e-06
IST1,PR2/PT2,black,0.882,0.526,0.464,Endocytosis,5.9e-03
SPON1,PR2/PT2,black,0.706,0.657,0.464,,
DOK2,PR2/PT2,black,0.903,0.513,0.463,Positive Regulation Of Intracellular Signal Transduction,1.1e-12
HEXIM1,PR2/PT2,black,0.869,0.531,0.462,Positive Regulation Of Intracellular Signal Transduction,1.1e-12
DOK1,PR2/PT2,black,0.903,0.512,0.462,,
TBCB,PR2/PT2,black,0.917,0.503,0.462,,
NEXN,PR2/PT2,black,0.85,0.543,0.462,Regulation Of Cell Migration,3.7e-11
HCLS1,PR2/PT2,black,0.867,0.534,0.462,Positive Regulation Of Intracellular Signal Transduction,1.1e-12
KAZN,PR2/PT2,black,0.906,0.509,0.461,,
RAB11FIP3,PR2/PT2,black,0.887,0.518,0.46,Negative Regulation Of Protein Secretion,1.7e-03
GPI,PR2/PT2,black,0.866,0.531,0.46,Cellular Response To Transforming Growth Factor Beta Stimulus,1.1e-04
MAP2K1,PR2/PT2,black,0.918,0.501,0.46,Positive Regulation Of MAPK Cascade,1.1e-10
YARS1,PR2/PT2,black,0.907,0.508,0.46,Apoptotic Process,8.5e-03
TPD52L2,PR2/PT2,black,0.894,0.514,0.459,,
CNST,PR2/PT2,black,0.893,0.514,0.459,Positive Regulation Of Protein Localization To Plasma Membrane,2.6e-02
ADAM22,PT1/PT2,dimgrey,0.75,0.611,0.458,Proteolysis,1.4e-02
DCTD,PR2/PT2,black,0.901,0.508,0.458,Pyrimidine metabolism,7.0e-03
FSTL3,PT1/PT2,dimgrey,0.779,0.585,0.456,Regulation Of Osteoclast Differentiation,4.5e-02
ESAM,PT1/PT2,dimgrey,0.804,0.567,0.456,Cell adhesion molecules,3.2e-04
TNFAIP2,PR2/PT2,black,0.855,0.533,0.456,Vesicle-Mediated Transport,5.8e-03
TRIM58,PR2/PT2,black,0.89,0.513,0.456,Positive Regulation Of Intracellular Signal Transduction,1.1e-12
SERPINC1,PT1/PT2,lightgrey,0.786,0.578,0.455,Complement and coagulation cascades,1.5e-30
WARS,PT1/PT2,dimgrey,0.832,0.547,0.455,,
P4HB,PR2/PT2,black,0.844,0.537,0.453,Regulation Of Cell Adhesion,1.7e-09
KAZALD1,PT1/PT2,dimgrey,0.716,0.632,0.452,Regulation Of Signal Transduction,3.3e-02
CALCOCO1,PR2/PT2,black,0.902,0.501,0.451,Positive Regulation Of Macromolecule Metabolic Process,5.6e-03
FAM13A,PR2/PT2,black,0.838,0.534,0.448,Regulation Of Intracellular Signal Transduction,2.2e-02
DECR1,PR2/PT2,black,0.873,0.514,0.448,Positive Regulation Of Multicellular Organismal Process,7.1e-03
CASP7,PR2/PT2,black,0.837,0.535,0.448,Proteolysis,3.4e-09
ATOX1,PR2/PT2,black,0.837,0.532,0.446,,
TALDO1,PR2/PT2,black,0.851,0.523,0.445,,
PRKAR1A,PR2/PT2,black,0.886,0.501,0.444,Negative Regulation Of Macromolecule Metabolic Process,7.8e-04
ANGPT2,PT1/PT2,lightgrey,0.755,0.583,0.44,PI3K-Akt signaling pathway,1.1e-08
CRIP2,PT1/PT2,lightgrey,0.789,0.557,0.439,,
APPL2,PR2/PT2,black,0.837,0.524,0.439,,
DXO,PR2/PT2,black,0.777,0.565,0.439,Negative Regulation Of Gene Expression,8.2e-04
MOCS2,PR2/PT2,black,0.844,0.52,0.439,,
JAM2,PT1/PT2,dimgrey,0.834,0.524,0.437,Cell adhesion molecules,3.2e-04
CLSTN2,PT1/PT2,lightgrey,0.794,0.547,0.434,Positive Regulation Of Cell Junction Assembly,1.4e-02
SNX9,PR2/PT2,black,0.817,0.53,0.433,Positive Regulation Of Protein Phosphorylation,6.5e-08
CELSR2,PT1/PT2,lightgrey,0.737,0.584,0.431,Cell-Cell Adhesion Via Plasma-Membrane Adhesion Molecules,2.3e-06
AKT2,PR2/PT2,black,0.843,0.509,0.429,Regulation Of Cell Migration,3.7e-11
PSTPIP2,PR2/PT2,black,0.809,0.528,0.428,,
COLEC12,PT1/PT2,dimgrey,0.765,0.555,0.425,Defense Response To Bacterium,1.7e-02
GATD3,PR2/PT2,black,0.727,0.564,0.41,,
REG1A,PT1/PT2,dimgrey,0.746,0.547,0.408,Positive Regulation Of Cell Population Proliferation,5.4e-04
DNAJC9,PR2/PT2,black,0.795,0.508,0.404,,
PLIN3,PR2/PT2,black,0.784,0.508,0.398,Vesicle-Mediated Transport,5.8e-03
HMOX2,PR2/PT2,black,0.768,0.509,0.391,,
NPTX1,PT1/PT2,lightgrey,0.774,0.501,0.388,Nervous System Development,4.2e-02
PACS2,PR2/PT2,black,0.727,0.526,0.382,,
