Gene_set,Term,Overlap,P-value,Adjusted P-value,Old P-value,Old Adjusted P-value,Odds Ratio,Combined Score,Genes,theme
GO_Biological_Process_2023,Extracellular Matrix Organization (GO:0030198),38/176,8.031934726444858e-20,2.17906389128449e-16,0,0,8.033287009463304,353.20978382261694,VIT;COL18A1;COL15A1;DPT;DMP1;CAPG;FURIN;PLG;CTSV;NID1;KLK7;ADAMTS16;ADAMTS15;ADAMTS13;FLRT2;ADAMTSL4;PRSS2;POSTN;MMP7;MIA;COL24A1;APLP1;SERPINF2;MMP8;COL1A1;COL3A1;ADAM15;SPINT1;COL5A1;COL4A1;SMOC1;COL9A1;ADAM8;TGFBI;LCP1;GAS6;MATN3;MATN2,
GO_Biological_Process_2023,Proteolysis (GO:0006508),50/330,1.2491998062321545e-18,1.6945395371539173e-15,0,0,5.267165005537098,217.13376021070783,RET;FCN1;CPM;TINAGL1;CPQ;PLAT;CTSV;PEPD;PRSS22;CNDP1;CTSL;DDI2;CTSF;CTSE;GGT1;PRSS2;CTSD;CTSC;CPA2;CPA1;MMP7;MME;HGF;MMP8;F9;ADAM15;ADAM8;PRTN3;LPA;THOP1;CPB2;CFH;TMPRSS5;FURIN;PLG;ADAMTS16;ADAMTS15;ADAMTS13;F12;GZMA;KLK13;KLK14;GZMB;AZU1;PGA4;PROC;CPE;REN;TPP1;KLKB1,
GO_Biological_Process_2023,Regulation Of T Cell Proliferation (GO:0042129),23/77,8.040151196458824e-16,7.270976731997597e-13,0,0,12.201636904761903,424.0912396695838,CD86;CR1;TFRC;IL15;CD70;CD80;SFTPD;PLA2G2A;LILRB1;PDCD1LG2;LILRB2;TNFRSF1B;LILRB4;LGALS3;GPNMB;CD209;LEP;TNFSF8;VSIG4;CCL19;CLC;IL6ST;ZP3,immune
GO_Biological_Process_2023,Positive Regulation Of MAPK Cascade (GO:0043410),41/310,1.910594599466677e-13,1.1532051020203515e-10,0,0,4.436388026783988,129.92491023765666,RET;CCL14;NOTCH2;NOTCH1;FLT1;PLA2G1B;FLT4;TGFA;CX3CL1;ICAM1;CCL8;GPNMB;BMPER;THPO;DDT;NTF3;CCL4;S100A12;APOE;CCL19;CCL18;FGF21;CCL25;CCL24;PDGFRA;FGA;NTRK2;CCL21;SERPINF2;PLA2G2A;MMP8;VEGFA;MARCO;GH1;NELL1;CD4;FGF19;LEP;CHI3L1;ADAM8;GAS6,
GO_Biological_Process_2023,Cytokine-Mediated Signaling Pathway (GO:0019221),37/257,2.1253319241068042e-13,1.1532051020203515e-10,0,0,4.878039513677812,142.33962334948788,CCL14;CSF3;CXCL9;CSF3R;CSF2RB;IL1RAP;LILRA2;LILRA3;CSF2RA;CX3CL1;IL1RL1;IL18RAP;CCL8;CCL4;LEPR;CCL19;CCL18;IL13RA1;CCL25;CCL24;IL4R;CCL21;IL1R1;IL15;LILRB1;LIFR;LILRB2;OSMR;TNFRSF1B;LILRB4;CXCL10;CEACAM1;CD4;IL2RA;LEP;IL6ST;IL18R1,immune
GO_Biological_Process_2023,Extracellular Structure Organization (GO:0043062),24/109,3.324972947482942e-13,1.5034419344202038e-10,0,0,8.08766546857193,232.37597429320056,VIT;POSTN;COL15A1;MMP7;MIA;COL24A1;APLP1;DMP1;FURIN;MMP8;ADAMTS16;COL1A1;ADAMTS15;COL3A1;ADAMTS13;SPINT1;COL5A1;COL4A1;ADAMTSL4;SMOC1;COL9A1;TGFBI;MATN3;MATN2,
GO_Biological_Process_2023,External Encapsulating Structure Organization (GO:0045229),24/110,4.115891350797904e-13,1.5952018906735306e-10,0,0,7.993206945551589,227.95627687783744,VIT;POSTN;COL15A1;MMP7;MIA;COL24A1;APLP1;DMP1;FURIN;MMP8;ADAMTS16;COL1A1;ADAMTS15;COL3A1;ADAMTS13;SPINT1;COL5A1;COL4A1;ADAMTSL4;SMOC1;COL9A1;TGFBI;MATN3;MATN2,
GO_Biological_Process_2023,Positive Regulation Of ERK1 And ERK2 Cascade (GO:0070374),30/179,7.659303862005625e-13,2.5974614222026565e-10,0,0,5.799868799515568,161.80291344201422,NOTCH2;CCL14;NOTCH1;FLT4;CX3CL1;ICAM1;CCL8;BMPER;THPO;GPNMB;DDT;CCL4;APOE;CCL19;CCL18;FGF21;CCL25;PDGFRA;FGA;CCL24;NTRK2;CCL21;SERPINF2;PLA2G2A;MARCO;NELL1;CD4;FGF19;CHI3L1;GAS6,
GO_Biological_Process_2023,Negative Regulation Of Blood Coagulation (GO:0030195),13/30,6.695266838109673e-12,2.0182509924212824e-09,0,0,21.627048473348285,556.455745023495,FGA;PDGFRA;CPB2;F12;F11;SERPINF2;PLAT;PLG;F2;C1QTNF1;PROC;APOE;KLKB1,
GO_Biological_Process_2023,Positive Regulation Of Protein Phosphorylation (GO:0001934),43/377,7.846822838114822e-12,2.1288430359805513e-09,0,0,3.745972778369641,95.78794176869668,CSF3;BMP10;TFRC;CD80;FLT4;CX3CL1;THBS4;C3;TCL1A;GPNMB;THPO;NTF3;LEPR;RSPO1;CCL19;NOS1;LEFTY2;FGF23;FGF21;NTRK2;CCL21;IL15;HGF;GDF2;VEGFB;PLAUR;VEGFD;AZU1;F2;INHBC;VEGFA;EFNA1;MARCO;GH1;NELL1;CD4;CLEC6A;FGF19;LEP;CHI3L1;CSPG4;FAM20A;GAS6,
GO_Biological_Process_2023,Cellular Response To Cytokine Stimulus (GO:0071345),38/308,1.26541443397135e-11,3.1209721448766113e-09,0,0,4.077625570776256,102.32000662278176,CCL14;CSF3;SELPLG;CSF3R;CSF2RB;LILRA2;LILRA3;CSF2RA;CX3CL1;CRHBP;TCL1A;CCL8;HYAL1;TPR;CCL4;LEPR;SIRPA;CCL19;CCL18;IL13RA1;CCL25;CCL24;IL4R;MME;CCL21;LILRB1;LIFR;LILRB2;OSMR;LILRB4;CRNN;SFRP1;CD4;CHI3L1;MNDA;GAS6;IL6ST;IFNAR1,immune
GO_Biological_Process_2023,Negative Regulation Of Lymphocyte Proliferation (GO:0050672),14/39,2.2184986984377115e-11,5.015655807384593e-09,0,0,15.854331864904552,388.9322118869981,CD86;CR1;TNFRSF13B;CD300A;CD80;PLA2G2A;SFTPD;LILRB1;LILRB2;PDCD1LG2;LILRB4;GPNMB;MNDA;VSIG4,immune
GO_Biological_Process_2023,Regulation Of ERK1 And ERK2 Cascade (GO:0070372),33/244,2.432739274960617e-11,5.076939733052425e-09,0,0,4.51097492876677,110.24560244378526,CCL14;NOTCH2;PTPRR;NOTCH1;FLT4;CX3CL1;ICAM1;CCL8;GPNMB;BMPER;THPO;DDT;CCL4;SIRPA;APOE;CCL19;CCL18;FGF21;CCL25;CCL24;PDGFRA;FGA;NTRK2;CCL21;SERPINF2;PLA2G2A;MARCO;NELL1;CEACAM1;CD4;FGF19;CHI3L1;GAS6,
GO_Biological_Process_2023,Neutrophil Migration (GO:1990266),18/77,1.0540121313361919e-10,2.0425249373679205e-08,0,0,8.673059109230653,199.2483289024656,CCL14;CCL25;CCL24;CXCL9;CXADR;CCL21;PLA2G1B;UMOD;CX3CL1;LGALS3;CXCL10;CCL8;CCL4;S100A12;PRTN3;CCL19;CCL18;CD177,
GO_Biological_Process_2023,Positive Regulation Of Phosphorylation (GO:0042327),31/231,1.199614605891455e-10,2.169702950522345e-08,0,0,4.459751506024096,101.87789705647528,RET;FLT1;TFRC;FLT4;C3;GPNMB;THPO;ERBB3;LEPR;RSPO1;FGF23;FGF21;PDGFRA;NTRK2;HGF;TIE1;VEGFB;PLAUR;VEGFD;F2;VEGFA;EFNA1;MARCO;NELL1;CD4;FGF19;LEP;ANG;FAM20A;GAS6;MET,
GO_Biological_Process_2023,Regulation Of Cell Population Proliferation (GO:0042127),63/766,2.0852931015029686e-10,3.535875115235971e-08,0,0,2.637714496641878,58.79713956026333,CD86;COL18A1;CSF3;CXCL9;TFRC;FLT4;PTPRK;CLU;CX3CL1;TCL1A;ESM1;TNFRSF8;CD33;ENPP7;PDGFRA;FGFBP1;CR1;IL15;IGFBP3;GKN1;CLEC11A;LIFR;OSMR;KLHL41;ACE2;SFRP4;SFRP1;CEACAM6;MZB1;PRTN3;IL6ST;CCL14;REG3A;NOTCH1;PLA2G1B;TGFA;PLG;UMOD;GPNMB;THPO;ERBB3;EPCAM;CLEC7A;NTF3;S100A13;IGFBP7;CGA;FGF23;S100A11;FGF21;ZBTB17;NTRK2;CGREF1;NPM1;AMBN;VEGFD;SOD2;SLURP1;VEGFA;CXCL10;FABP3;FGF19;FOLR2,
GO_Biological_Process_2023,Negative Regulation Of T Cell Activation (GO:0050868),14/49,7.196491102188001e-10,1.148475315308003e-07,0,0,11.318649045521292,238.2831127828186,CD86;CR1;CD80;SFTPD;PLA2G2A;LILRB1;PDCD1LG2;LILRB2;LILRB4;LGALS3;CEACAM1;GPNMB;VSIG4;HAVCR2,immune
GO_Biological_Process_2023,Monocyte Chemotaxis (GO:0002548),13/42,9.706401739508874e-10,1.4629704399604208e-07,0,0,12.67003741530994,262.94211369365,CCL14;CCL25;CCL24;FLT1;CCL21;CX3CL1;LGALS3;CCL8;CCL4;S100A12;CCL19;CCL18;FOLR2,
GO_Biological_Process_2023,Positive Regulation Of Endocytosis (GO:0045807),17/79,1.38309982487666e-09,1.9749209604686205e-07,0,0,7.782162907983633,158.74786338896484,LRP1;CCL21;AHSG;IL15;SFTPD;APOA1;AZU1;CLU;SIRPB1;C3;CLEC7A;SMPD1;SIRPA;APOE;CCL19;GAS6;B2M,
GO_Biological_Process_2023,Negative Regulation Of T Cell Proliferation (GO:0042130),12/36,1.641964869340686e-09,2.227325345260641e-07,0,0,14.11493411420205,285.50802620549905,CD86;CR1;GPNMB;CD80;CRTAM;PLA2G2A;SFTPD;LILRB1;VSIG4;LILRB2;PDCD1LG2;LILRB4,immune
GO_Biological_Process_2023,Zymogen Activation (GO:0031638),13/45,2.5222328025458476e-09,3.258484568241374e-07,0,0,11.480434384164225,227.29103245653687,FGA;C1R;F12;CD5L;F11;FURIN;PLAT;F9;CTSL;C1RL;MASP1;GGT1;KLKB1,
GO_Biological_Process_2023,Regulation Of Tumor Necrosis Factor Production (GO:0032680),21/127,2.746570714320145e-09,3.361194585778079e-07,0,0,5.643287049997201,111.24562505024224,ORM1;LY96;LILRB1;AZU1;MMP8;LILRA2;CLU;LILRB4;CX3CL1;CLEC4A;POMC;CLEC7A;DDT;SIRPA;TNFRSF8;CD14;LCP1;CCL19;GAS6;CD33;HAVCR2,
GO_Biological_Process_2023,Positive Regulation Of Cellular Process (GO:0048522),51/594,2.849519921595864e-09,3.361194585778079e-07,0,0,2.736299372018805,53.83974195398421,CD86;CSF3;FLT4;CX3CL1;CXCL16;TCL1A;ESM1;HYAL1;PRSS2;TGM2;PDGFRA;CR1;IL15;CLEC11A;SERPINF2;LIFR;TNFRSF1B;OSMR;SFRP1;CEACAM6;ADAM8;PRTN3;IL6ST;CCL14;REG3A;NOTCH1;PLA2G1B;TGFA;CST7;LILRA2;NID1;THPO;ERBB3;EPCAM;CLEC7A;NTF3;S100A13;CCL19;CGA;FGF23;FGF21;NTRK2;NPM1;CCL21;VEGFD;LAMB1;AZU1;VEGFA;FGF19;ECHDC3;FOLR2,
GO_Biological_Process_2023,Inflammatory Response (GO:0006954),29/236,3.807545453140123e-09,4.304112839320481e-07,0,0,4.017365191278235,77.88177085311821,CCL14;IL22;SERPINA3;ORM1;CXCL9;LY75;ADM;CX3CL1;CRHBP;IL1RL1;CCL8;HYAL1;CCL4;CD14;CCL19;CCL18;CCL25;CCL24;CCL21;AZU1;SELE;CXCL10;IL2RA;CRH;CHI3L1;ADAM8;SIGLEC1;IL17D;FOLR2,immune
GO_Biological_Process_2023,Heterophilic Cell-Cell Adhesion Via Plasma Membrane Cell Adhesion Molecules (GO:0007157),13/49,7.980746078627786e-09,8.660705644526873e-07,0,0,10.202712609970677,190.2421661102753,REG3A;CD164;CXADR;AMIGO2;CRTAM;UMOD;PVR;SELE;CEACAM19;ICAM1;SELL;CEACAM6;CD209,
GO_Biological_Process_2023,Positive Regulation Of Epithelial Cell Proliferation (GO:0050679),20/123,8.824074243316063e-09,9.207582085429414e-07,0,0,5.523768428622797,102.44260587588064,NOTCH2;REG3A;CCL24;ECM1;PDCD6;FLT4;GDF2;VEGFB;TGFA;LAMB1;VEGFD;THBS4;VEGFA;CRNN;NELL2;NELL1;SFRP1;LRG1;HYAL1;ANG,
GO_Biological_Process_2023,Negative Regulation Of Peptidase Activity (GO:0010466),14/60,1.2977223326300708e-08,1.303970625342734e-06,0,0,8.607099533933473,156.3055306180155,SERPINA12;SERPINA3;ECM1;LRP1;SERPINF2;CST7;SERPINA7;SERPINB8;SERPINA4;SERPINI2;SERPING1;SPOCK1;SERPINI1;TIMP4,
GO_Biological_Process_2023,Neutrophil Chemotaxis (GO:0030593),15/70,1.3685362218203616e-08,1.3260138463566575e-06,0,0,7.720588235294118,139.79622042548692,CCL14;CCL25;CCL24;CXCL9;CXADR;CCL21;PLA2G1B;CX3CL1;LGALS3;CXCL10;CCL8;CCL4;S100A12;CCL19;CCL18,
GO_Biological_Process_2023,Positive Regulation Of Receptor-Mediated Endocytosis (GO:0048260),12/43,1.6094105900647405e-08,1.505631355464014e-06,0,0,10.923723610258348,196.02417444696968,CCL14;C3;GH1;SFRP4;CCL21;NTF3;PCSK9;CCL19;CLU;B2M;SELE;VEGFA,
GO_Biological_Process_2023,Positive Regulation Of Cell Population Proliferation (GO:0008284),43/483,1.8118524330985654e-08,1.638518550332136e-06,0,0,2.8276457055214723,50.406548236093954,CCL14;CD86;REG3A;CSF3;BMP10;NOTCH1;PLA2G1B;FLT4;TGFA;CSF2RB;CSF2RA;CX3CL1;TCL1A;ESM1;THPO;ERBB3;EPCAM;CLEC7A;HYAL1;NTF3;S100A13;CGA;FGF23;FGF21;NTRK2;PDGFRA;NPM1;CR1;IL15;CLEC11A;SERPINF2;VEGFD;LIFR;LAMB1;OSMR;VEGFA;SFRP1;CEACAM6;FGF19;PRTN3;GAS6;IL6ST;FOLR2,
GO_Biological_Process_2023,Regulation Of Endothelial Cell Proliferation (GO:0001936),17/93,1.89614715618432e-08,1.659434591847761e-06,0,0,6.343987734823785,112.80153700413332,CCL24;ECM1;SPARC;FLT4;PDCD6;TIE1;GDF2;VEGFB;VEGFD;THBS4;VEGFA;NELL2;NELL1;LRG1;LEP;ANG;APOE,blood vessels
GO_Biological_Process_2023,Regulation Of Fibrinolysis (GO:0051917),8/16,2.053778568380161e-08,1.7103840698664282e-06,0,0,28.088791848617177,497.1996888761942,F12;F11;SERPINF2;PLAUR;PLAT;PLG;F2;KLKB1,
GO_Biological_Process_2023,Extracellular Matrix Disassembly (GO:0022617),12/44,2.1434964384614293e-08,1.7103840698664282e-06,0,0,10.581808199121523,186.8561341940011,ADAMTS15;MMP7;ADAM15;CAPG;FURIN;PLG;ADAM8;CTSV;LCP1;MMP8;PRSS2;KLK7,
GO_Biological_Process_2023,Lymphocyte Chemotaxis (GO:0048247),12/44,2.1434964384614293e-08,1.7103840698664282e-06,0,0,10.581808199121523,186.8561341940011,CCL14;CCL25;CCL24;CXCL10;CCL8;CCL21;CCL4;CCL19;CCL18;GAS6;CX3CL1;CXCL16,immune
GO_Biological_Process_2023,Granulocyte Chemotaxis (GO:0071621),15/73,2.5042475982869572e-08,1.94114963832929e-06,0,0,7.320106490872211,128.12157235110598,CCL14;CCL25;CCL24;CXCL9;CXADR;CCL21;PLA2G1B;CX3CL1;LGALS3;CXCL10;CCL8;CCL4;S100A12;CCL19;CCL18,
GO_Biological_Process_2023,Positive Regulation Of Cytokine Production (GO:0001819),33/320,2.7043734135029908e-08,2.0380458530093373e-06,0,0,3.303230628335632,57.56147096253635,CD86;FCN1;ORM1;PLA2G1B;CD80;FLT4;LILRA2;C3;CLEC7A;S100A13;CD14;CCL19;HAVCR2;IL1R1;IL15;SERPINF2;CRTAM;GDF2;IL16;LILRB1;HLA-A;LILRB2;MMP8;CD4;CLEC6A;LEP;PAEP;CHI3L1;LCP1;IL17D;IL6ST;ZP3;IL18R1,immune
GO_Biological_Process_2023,Cell-Cell Adhesion Via Plasma-Membrane Adhesion Molecules (GO:0098742),23/172,3.20712127373309e-08,2.293363856846953e-06,0,0,4.400247682965804,75.92762468361308,ROBO2;REG3A;CD164;CXADR;ITGAM;CRTAM;AMIGO2;UMOD;CELSR2;PVR;SELE;CEACAM19;ICAM1;CEACAM1;CDH2;SELL;CD209;CEACAM6;SLITRK1;CDH23;CNTN2;CDH17;CD177,
GO_Biological_Process_2023,Response To Interleukin-1 (GO:0070555),16/85,3.212230982682794e-08,2.293363856846953e-06,0,0,6.569251456745854,113.34399264789988,CCL14;CCL25;CCL24;CCL21;IL1R1;SELE;CX3CL1;SFRP1;CCL8;HYAL1;SMPD1;CCL4;SIRPA;CHI3L1;CCL19;CCL18,immune
GO_Biological_Process_2023,Cellular Component Disassembly (GO:0022411),12/46,3.710341159362645e-08,2.5810655295771424e-06,0,0,9.9583153905779,170.3823639512115,ADAMTS15;MMP7;ADAM15;CAPG;FURIN;PLG;ADAM8;CTSV;LCP1;MMP8;PRSS2;KLK7,
GO_Biological_Process_2023,Negative Regulation Of Endopeptidase Activity (GO:0010951),14/66,4.776065310955193e-08,3.23936629715536e-06,0,0,7.611600587371512,128.30923590800597,SERPINA12;SERPINA3;SPINK2;CR1;SERPINF2;SERPINA7;SERPINB8;SERPINA4;CST5;SERPINI2;SERPING1;SPOCK1;SERPINI1;TIMP4,
GO_Biological_Process_2023,Positive Regulation Of Protein Modification Process (GO:0031401),26/225,8.574998429118833e-08,5.674139204438876e-06,0,0,3.7313322967603337,60.71560456047472,TFRC;FLT4;C3;GPNMB;THPO;SMPD1;LEPR;RSPO1;FGF23;FGF21;NTRK2;HGF;VEGFB;PLAUR;VEGFD;LILRB2;SLC51B;F2;VEGFA;EFNA1;MARCO;CD4;FGF19;LEP;FAM20A;GAS6,salt transport
GO_Biological_Process_2023,Lymphocyte Migration (GO:0072676),11/41,1.0061181475361285e-07,6.499044129203612e-06,0,0,10.332602339181287,166.47884903911864,CCL14;RET;CCL25;CCL24;CCL8;CCL21;CCL4;CRTAM;CCL19;CCL18;CX3CL1,immune
GO_Biological_Process_2023,Positive Regulation Of T Cell Activation (GO:0050870),17/107,1.6216637983898285e-07,1.0231567174492104e-05,0,0,5.353244837758112,83.69607189092446,CD86;TFRC;IL15;CD70;CD80;HLA-A;THY1;PDCD1LG2;LILRB2;SIRPB1;CD209;LEP;SIRPA;CCL19;IL6ST;ZP3;B2M,immune
GO_Biological_Process_2023,Regulation Of Protein Phosphorylation (GO:0001932),28/265,1.8470762791818066e-07,1.1153588911638676e-05,0,0,3.3774505152487047,52.36565331747557,TFRC;FLT4;C3;GPNMB;BMPER;THPO;LEPR;SIRPA;RSPO1;FGF23;FGF21;NTRK2;NPM1;HGF;IGFBP3;VEGFB;PLAUR;VEGFD;F2;VEGFA;EFNA1;MARCO;CD4;FGF19;LEP;HRC;FAM20A;GAS6,
GO_Biological_Process_2023,Response To Tumor Necrosis Factor (GO:0034612),17/108,1.863346592811926e-07,1.1153588911638676e-05,0,0,5.294142435735356,82.03655695864613,CCL14;CCL25;CCL24;CCL21;SELE;CX3CL1;CXCL16;CRHBP;TCL1A;SFRP1;CCL8;HYAL1;SMPD1;CCL4;CHI3L1;CCL19;CCL18,
GO_Biological_Process_2023,Regulation Of Cell Migration (GO:0030334),38/434,1.891135606101656e-07,1.1153588911638676e-05,0,0,2.7617960426179606,42.75513848976508,RET;BMP10;NOTCH1;FLT1;FLT4;TNC;SEMA3G;STC1;THY1;SEMA3F;PTPRK;CX3CL1;CXCL16;GPNMB;TNN;CLEC7A;PODXL;NTF3;TNR;CGA;FGF23;FGF21;CCL24;PDGFRA;MMP7;HGF;LAMB1;SOD2;SLURP1;VEGFA;COL1A1;SFRP1;CEACAM1;ADAM15;CEACAM6;FGF19;ANGPTL3;DPEP1,
GO_Biological_Process_2023,Positive Regulation Of Endothelial Cell Proliferation (GO:0001938),14/77,3.640730343245122e-07,2.101553493877449e-05,0,0,6.279001468428781,93.09191911036532,CCL24;ECM1;FGFBP1;FLT4;PDCD6;GDF2;VEGFB;VEGFD;THBS4;VEGFA;NELL2;NELL1;LRG1;ANG,blood vessels
GO_Biological_Process_2023,Chemokine-Mediated Signaling Pathway (GO:0070098),12/57,4.751623911428232e-07,2.685657431605165e-05,0,0,7.519765739385066,109.48485055565646,CCL14;CCL25;CCL24;CXCL10;CXCL9;CCL8;THPO;CCL21;CCL4;CCL19;CCL18;CX3CL1,immune
GO_Biological_Process_2023,Cellular Defense Response (GO:0006968),11/48,5.765253923936006e-07,3.14905472608886e-05,0,0,8.374743164216849,120.31362427289918,CXCL9;NCF2;GNLY;CD5L;CLEC5A;LY96;UMOD;MNDA;LSP1;LILRB2;CD300C,
GO_Biological_Process_2023,Regulation Of Phagocytosis (GO:0050764),12/58,5.803639377237119e-07,3.14905472608886e-05,0,0,7.355910624482781,105.62801108255248,AHSG;IL15;CLEC7A;SFTPD;SIRPA;APOA1;PRTN3;AZU1;OLFM4;GAS6;SIRPB1;TGM2,
GO_Biological_Process_2023,Regulation Of Cell Adhesion (GO:0030155),19/144,6.170189177285236e-07,3.232226909116034e-05,0,0,4.312662721893491,61.66403069067632,RET;CD164;TNC;PLAUR;LAMB1;AZU1;NID1;CELSR2;VEGFA;EFNA1;ERBB3;TNN;PODXL;HYAL1;TNR;ADAM8;TGFBI;PRSS2;TGM2,
GO_Biological_Process_2023,Regulation Of Endopeptidase Activity (GO:0052548),13/69,6.195200857870761e-07,3.232226909116034e-05,0,0,6.552078969417679,93.65751813116302,SERPINA12;SERPINA3;AHSG;SERPINF2;FURIN;SERPINA7;SERPINB8;SERPINA4;SERPINI2;SERPING1;SPOCK1;SERPINI1;TIMP4,
GO_Biological_Process_2023,Cellular Response To Interleukin-1 (GO:0071347),14/81,6.951415484317099e-07,3.558337775274017e-05,0,0,5.902908365660683,83.69822519129494,CCL14;CCL25;CCL24;CCL21;IL1R1;IL1RAP;CX3CL1;SFRP1;CCL8;HYAL1;CCL4;SIRPA;CCL19;CCL18,immune
GO_Biological_Process_2023,Leukocyte Cell-Cell Adhesion (GO:0007159),9/31,7.119060162501443e-07,3.5766685594197065e-05,0,0,11.49927113702624,162.7758619512205,NT5E;LRG1;CLEC4M;SELL;CD209;UMOD;SELE;ICAM1;CD177,immune
GO_Biological_Process_2023,Regulation Of Angiogenesis (GO:0045765),23/205,8.009755901429444e-07,3.932964225069802e-05,0,0,3.5961947278911564,50.48135105118286,EGLN1;ECM1;SPARC;FLT1;HSPB6;PDCD6;GDF2;VEGFB;VEGFD;ISM1;DCN;THBS4;VEGFA;CXCL10;SFRP1;CEACAM1;LRG1;GPNMB;BMPER;HYAL1;LEP;ANGPTL3;CHI3L1,blood vessels
GO_Biological_Process_2023,Positive Regulation Of Tumor Necrosis Factor Superfamily Cytokine Production (GO:1903557),14/82,8.118171640394727e-07,3.932964225069802e-05,0,0,5.815798566122484,81.56070494376164,CD86;ORM1;LY96;AZU1;MMP8;LILRA2;CLU;CLEC7A;DDT;TNFRSF8;LCP1;CCL19;CD14;HAVCR2,immune
GO_Biological_Process_2023,Positive Regulation Of Cell Motility (GO:2000147),24/221,8.405230725856368e-07,3.997336238551526e-05,0,0,3.469267023232239,48.53241398510411,RET;CCL24;PDGFRA;NOTCH1;FLT1;MMP7;CCL21;HGF;FLT4;SEMA3G;LAMB1;SEMA3F;SOD2;VEGFA;CXCL16;COL1A1;GPNMB;CEACAM6;CLEC7A;PODXL;NTF3;ANGPTL3;CCL19;CGA,
GO_Biological_Process_2023,Positive Regulation Of Phagocytosis (GO:0050766),12/60,8.54572435812711e-07,3.997336238551526e-05,0,0,7.048682284040996,98.488873202449,FCN1;C3;AHSG;IL15;CLEC7A;SFTPD;SIRPA;APOA1;AZU1;GAS6;SIRPB1;C2,
GO_Biological_Process_2023,Eosinophil Chemotaxis (GO:0048245),8/24,9.167230574732012e-07,4.145116091541325e-05,0,0,14.038573508005822,195.17071254273145,CCL14;CCL25;CCL24;LGALS3;CCL8;CCL4;CCL18;CX3CL1,
GO_Biological_Process_2023,Eosinophil Migration (GO:0072677),8/24,9.167230574732012e-07,4.145116091541325e-05,0,0,14.038573508005822,195.17071254273145,CCL14;CCL25;CCL24;LGALS3;CCL8;CCL4;CCL18;CX3CL1,
GO_Biological_Process_2023,Axon Guidance (GO:0007411),19/149,1.048178975233604e-06,4.661818950506177e-05,0,0,4.145710059171598,57.08002740388535,EPHB6;NOTCH2;RET;ROBO2;DRAXIN;NOTCH1;CNTN5;LRTM2;SEMA3G;SEMA3F;VEGFA;EFNA1;NELL2;NELL1;BOC;TNR;CNTN2;NRCAM;NCAM1,neurological signaling
GO_Biological_Process_2023,Regulation Of Inflammatory Response (GO:0050727),25/240,1.0858217096352547e-06,4.7513456423233e-05,0,0,3.313085734120097,45.49918127839924,IL22;REG3A;TNC;PLA2G7;CX3CL1;LGALS1;DDT;S100A12;SIRPA;APOE;GGT1;IL1R1;AHSG;IL15;PLA2G2A;APOA1;IL16;MMP8;TNFRSF1B;SELE;ACE2;CD200R1;PROC;LCP1;ZP3,immune
GO_Biological_Process_2023,Receptor-Mediated Endocytosis (GO:0006898),17/122,1.104522658811712e-06,4.756460275168531e-05,0,0,4.584913611462284,62.88712120371039,MSR1;ITGAM;CLEC4M;TFRC;LRP1;SFTPD;ADM;LILRB1;LILRB4;IGF2R;ASGR1;CXCL16;ACE2;MARCO;CTSL;MRC1;APOE,
GO_Biological_Process_2023,Regulation Of Lymphocyte Proliferation (GO:0050670),7/18,1.351995096124304e-06,5.731191712164433e-05,0,0,17.84593023255814,241.1686378043656,LGALS3;CD209;LEP;MZB1;TNFSF8;TNFRSF1B;CD22,immune
GO_Biological_Process_2023,Neuron Projection Guidance (GO:0097485),17/124,1.392372075041608e-06,5.811546830135204e-05,0,0,4.49874562346649,60.6633431716182,EPHB6;NOTCH2;RET;ROBO2;DRAXIN;NOTCH1;CNTN5;LRTM2;SEMA3G;SEMA3F;EFNA1;NELL2;NELL1;BOC;TNR;CNTN2;NRCAM,neurological signaling
GO_Biological_Process_2023,Positive Regulation Of Lymphocyte Proliferation (GO:0050671),13/74,1.4300054429097904e-06,5.878189040324639e-05,0,0,6.013460891303303,80.9281482626834,CD86;TFRC;IL15;CD70;CD80;PDCD1LG2;LILRB2;CD209;LEP;CD38;CCL19;IL6ST;ZP3,immune
GO_Biological_Process_2023,Regulation Of Type II Interferon Production (GO:0032649),14/87,1.7014622164613914e-06,6.889652228745902e-05,0,0,5.4160481161869125,71.94690530335505,CR1;IL1R1;CRTAM;LILRB1;HLA-A;PDCD1LG2;LILRB4;CLEC7A;SIRPA;CD14;GAS6;ZP3;IL18R1;HAVCR2,immune
GO_Biological_Process_2023,Positive Regulation Of T Cell Proliferation (GO:0042102),12/65,2.098439245808672e-06,8.372155402763126e-05,0,0,6.382054752893726,83.44100507333523,CD86;TFRC;IL15;CD70;CD209;CD80;LEP;PDCD1LG2;CCL19;LILRB2;IL6ST;ZP3,immune
GO_Biological_Process_2023,Transmembrane Receptor Protein Tyrosine Kinase Signaling Pathway (GO:0007169),27/284,2.4147776638944165e-06,9.494625800210946e-05,0,0,2.9957361541508423,38.74656184914527,EPHB6;RET;FLT1;FLT4;PLAT;FLRT2;ERBB3;NTF3;FGF23;FGF21;PDGFRA;NTRK2;ANGPT2;HGF;TIE1;VEGFB;PILRB;VEGFD;SLC39A14;VEGFA;EFNA1;GH1;NELL1;CD4;CD8A;FGF19;MET,
GO_Biological_Process_2023,Positive Regulation Of Tumor Necrosis Factor Production (GO:0032760),13/78,2.651884322701236e-06,0.0001027794595355,0,0,5.642228739002933,72.44757173885382,ORM1;LY96;AZU1;MMP8;LILRA2;CLU;CLEC7A;DDT;TNFRSF8;LCP1;CCL19;CD14;HAVCR2,
GO_Biological_Process_2023,Protein Processing (GO:0016485),16/117,2.927422128679178e-06,0.0001118605103536,0,0,4.480438618235903,57.08700837639411,CPM;MME;C1R;F12;CD5L;PCSK9;FURIN;ADAMTS13;F9;CTSL;DDI2;C1RL;CPE;MASP1;GGT1;KLKB1,
GO_Biological_Process_2023,Positive Regulation Of Cell Migration (GO:0030335),26/272,3.3470772220157115e-06,0.0001261197292128,0,0,3.0110102446315943,37.96108000408385,RET;NOTCH1;FLT1;FLT4;SEMA3G;SEMA3F;CXCL16;GPNMB;HYAL1;CLEC7A;PODXL;NTF3;CGA;S100A11;CCL24;PDGFRA;MMP7;HGF;LAMB1;SOD2;VEGFA;COL1A1;NELL1;CEACAM6;ANGPTL3;ZP3,
GO_Biological_Process_2023,Negative Regulation Of Tumor Necrosis Factor Production (GO:0032720),10/47,3.8911591741490215e-06,0.0001446125320474,0,0,7.602288419806668,94.70021266523725,CLEC4A;POMC;ORM1;SIRPA;LILRB1;GAS6;LILRB4;CX3CL1;CD33;HAVCR2,
GO_Biological_Process_2023,Phagocytosis (GO:0006909),12/69,4.044912697404764e-06,0.0001465017997866,0,0,5.932958310857671,73.6757764557275,SRPX;MSR1;MARCO;ITGAM;LRP1;TIMD4;CD302;CD14;HAVCR1;GAS6;MET;TGM2,
GO_Biological_Process_2023,Negative Regulation Of Cytokine Production (GO:0001818),20/178,4.0499944651666045e-06,0.0001465017997866,0,0,3.5906235349273325,44.58403651146065,ORM1;CR1;SFTPD;APOA1;SSC5D;LILRB1;PDCD1LG2;F2;MMP8;LILRB4;CX3CL1;CLEC4A;CD200R1;CEACAM1;GPNMB;SIRPA;VSIG4;GAS6;CD33;HAVCR2,immune
GO_Biological_Process_2023,Cellular Response To Chemokine (GO:1990869),11/59,5.04476050154887e-06,0.0001800846742197,0,0,6.451845760233918,78.69419746991066,CCL14;CCL25;CCL24;CXCL10;CXCL9;CCL8;CCL21;CCL4;CCL19;CCL18;CX3CL1,immune
GO_Biological_Process_2023,Negative Regulation Of Tumor Necrosis Factor Superfamily Cytokine Production (GO:1903556),10/49,5.800157281147135e-06,0.000204361385763,0,0,7.211678832116788,86.95572275226515,CLEC4A;POMC;ORM1;SIRPA;LILRB1;GAS6;LILRB4;CX3CL1;CD33;HAVCR2,immune
GO_Biological_Process_2023,Positive Regulation Of Receptor Internalization (GO:0002092),7/22,6.416039303572649e-06,0.0002231630080845,0,0,13.084302325581396,156.4452027224935,CCL14;GH1;SFRP4;NTF3;PCSK9;SELE;VEGFA,
GO_Biological_Process_2023,Negative Regulation Of Immune Effector Process (GO:0002698),6/15,6.593626120537006e-06,0.0002264368058862,0,0,18.67053701015965,222.7284370474633,LGALS3;CR1;CD300A;SLAMF8;LILRB1;HAVCR2,immune
GO_Biological_Process_2023,Positive Regulation Of Response To External Stimulus (GO:0032103),18/155,7.67165596455248e-06,0.0002601650328978,0,0,3.719975417524717,43.81378886764749,CCL21;IL15;SERPINF2;PLA2G2A;LY96;PLAT;IL16;PLG;F2;PLA2G7;CX3CL1;LGALS1;DDT;S100A12;ADAM8;LCP1;CCL19;ZP3,
GO_Biological_Process_2023,Regulation Of T Cell Activation (GO:0050863),11/62,8.334588342309492e-06,0.0002791572613911,0,0,6.071379428964568,71.00536789716108,LGALS3;CD4;GPNMB;CD209;CRTAM;SIRPA;TNFSF8;THY1;TNFRSF1B;B2M;SIRPB1,immune
GO_Biological_Process_2023,Antimicrobial Humoral Response (GO:0019730),14/100,9.170466339504065e-06,0.0003034082338911,0,0,4.594235563296111,53.29093841039923,WFDC12;REG3A;CXCL9;PLA2G1B;HLA-A;RNASE3;AZU1;F2;CXCL10;GNLY;S100A12;PRTN3;PI3;PRSS2,
GO_Biological_Process_2023,Reverse Cholesterol Transport (GO:0043691),6/16,1.0239935120236932e-05,0.0003347101684482,0,0,16.802612481857764,193.04883197449143,APOM;APOA1;LCAT;APOE;CLU;CES1,metabolism
GO_Biological_Process_2023,Regulation Of Endothelial Cell Migration (GO:0010594),13/88,1.050008141249886e-05,0.0003391276294298,0,0,4.8873900293255135,56.0296626693922,BMP10;SPARC;FLT4;PDCD6;GDF2;STC1;DCN;VEGFA;NELL2;NELL1;CEACAM1;BMPER;APOE,blood vessels
GO_Biological_Process_2023,Induction Of Positive Chemotaxis (GO:0050930),5/10,1.0885406539065306e-05,0.0003474365640056,0,0,27.971014492753625,319.65520151816185,NTF3;VEGFB;IL16;VEGFD;VEGFA,
GO_Biological_Process_2023,Protein Catabolic Process (GO:0030163),14/102,1.1575897035601485e-05,0.000365179170437,0,0,4.48935389133627,51.028624680955694,CPA2;GZMA;PCSK9;GZMB;CTSV;CEACAM1;CTSL;DDI2;LAMP2;TPP1;APOE;CTSF;CTSD;CTSC,
GO_Biological_Process_2023,Positive Regulation Of Hydrolase Activity (GO:0051345),19/176,1.2522061324266198e-05,0.000390486808882,0,0,3.4279199487430745,38.69442401502494,RTN4R;CCL14;CCL25;CCL24;CCL21;APOA1;THY1;CTSV;PRSS22;CX3CL1;SFRP1;CCL8;CTSL;PSAP;CCL4;PRTN3;CCL19;CCL18;TGM2,
GO_Biological_Process_2023,Regulation Of Peptidyl-Tyrosine Phosphorylation (GO:0050730),13/90,1.3485793662304971e-05,0.0004157608887026,0,0,4.759949727691663,53.37747529273028,CSF3;IL15;CD80;HGF;THBS4;VEGFA;EFNA1;GH1;NELL1;SFRP1;CLEC6A;NTF3;CSPG4,
GO_Biological_Process_2023,Positive Regulation Of Cell-Matrix Adhesion (GO:0001954),9/43,1.371009629507507e-05,0.0004179268679611,0,0,7.436074429771908,83.26453652896787,CCL25;NELL1;SFRP1;CCL21;CEACAM6;THY1;CX3CL1;SKAP1;VEGFA,
GO_Biological_Process_2023,Positive Regulation Of Inflammatory Response (GO:0050729),14/104,1.4522634576216045e-05,0.0004329660176403,0,0,4.389133627019089,48.894080084914805,IL15;PLA2G2A;IL16;MMP8;OSMR;PLA2G7;CX3CL1;LGALS1;DDT;S100A12;ADAM8;LCP1;IL6ST;ZP3,immune
GO_Biological_Process_2023,Positive Regulation Of Kinase Activity (GO:0033674),14/104,1.4522634576216045e-05,0.0004329660176403,0,0,4.389133627019089,48.894080084914805,RET;PDGFRA;NTRK2;FLT1;CCL21;FLT4;TIE1;AZU1;F2;CD4;ERBB3;CCL19;GAS6;MET,
GO_Biological_Process_2023,Positive Chemotaxis (GO:0050918),6/17,1.5360818793730895e-05,0.0004529488016245,0,0,15.274310595065312,169.2957316151025,LGALS3;NELL1;GPNMB;MET;CX3CL1;VEGFA,
GO_Biological_Process_2023,Cellular Response To Type II Interferon (GO:0071346),11/66,1.552681111355941e-05,0.0004529488016245,0,0,5.628654970760234,62.32577160003138,CCL14;CCL25;CCL24;CCL8;CCL21;IFNGR2;CCL4;SIRPA;CCL19;CCL18;CX3CL1,immune
GO_Biological_Process_2023,Cellular Response To Tumor Necrosis Factor (GO:0071356),15/119,1.6250235778736476e-05,0.0004690094645501,0,0,4.072610294117647,44.91031554466947,CCL14;CCL25;CCL24;CCL21;TNFRSF1B;CX3CL1;CRHBP;TCL1A;SFRP1;CCL8;HYAL1;CCL4;CHI3L1;CCL19;CCL18,
GO_Biological_Process_2023,Response To Type II Interferon (GO:0034341),12/80,1.950754542576484e-05,0.0005570944288431,0,0,4.970372922228921,53.90224906810252,CCL14;CCL25;CCL24;CCL8;CCL21;KYNU;CCL4;SIRPA;CCL19;CCL18;CX3CL1;CXCL16,immune
GO_Biological_Process_2023,Peptide Metabolic Process (GO:0006518),10/56,2.0185557352584584e-05,0.0005704522614329,0,0,6.112027927642019,66.07434190141072,CPM;ADAMTS13;DNPEP;MME;CPQ;CPE;FURIN;TPP1;GGT1;THOP1,
GO_Biological_Process_2023,Negative Regulation Of Dendritic Cell Apoptotic Process (GO:2000669),4/6,2.050803277112414e-05,0.0005735906485366,0,0,55.86975397973951,603.0968928190746,CCL21;LILRB1;CCL19;GAS6,neurological signaling
GO_Biological_Process_2023,Positive Regulation Of G Protein-Coupled Receptor Signaling Pathway (GO:0045745),6/18,2.2365296465620896e-05,0.0006191535644003,0,0,14.000725689404934,149.9197715975546,CHGA;C3;GRP;KLK14;F2;SLC39A14,
GO_Biological_Process_2023,Regulation Of Calcium Ion Transport (GO:0051924),10/57,2.372665501185093e-05,0.0006502062125974,0,0,5.981674173008231,63.6983186375472,CD4;CCL4;HRC;STC1;IL16;LILRB1;NOS1;LILRB2;LILRA2;CD33,salt transport
GO_Biological_Process_2023,Cell-Matrix Adhesion (GO:0007160),14/109,2.49622189566254e-05,0.0006772250002932,0,0,4.157044593863513,44.05697018147227,FGA;ITGAM;CCL21;THY1;PTPRK;LYVE1;COL3A1;ADAMTS13;ADAM15;TNN;ANGPTL3;ITGBL1;ITGB6;SIGLEC1,
GO_Biological_Process_2023,Regulation Of Receptor Internalization (GO:0002090),8/36,2.607375316095531e-05,0.0007003771517393,0,0,8.017051362029529,84.61662099317608,CCL14;GH1;SFRP4;NTF3;PCSK9;RSPO1;SELE;VEGFA,
GO_Biological_Process_2023,Enzyme-Linked Receptor Protein Signaling Pathway (GO:0007167),15/124,2.668303604300432e-05,0.0007097164390653,0,0,3.884781435509984,40.91250789349263,RET;PDGFRA;NTRK2;FLT1;LRP1;FLT4;TIE1;LIFR;PILRB;CD4;ERBB3;CD8A;NTF3;IL6ST;MET,
GO_Biological_Process_2023,Positive Regulation Of Immune System Process (GO:0002684),7/27,2.8708869031123752e-05,0.0007561860357421,0,0,9.810683139534884,102.60311120895028,C7;PLA2G1B;IL15;C9;LILRB2;ZP3;VEGFA,immune
GO_Biological_Process_2023,Regulation Of Interleukin-2 Production (GO:0032663),9/47,2.926261485873504e-05,0.0007587691547206,0,0,6.651948749424582,69.44102205485603,CD86;CD4;CR1;CLEC7A;CD80;SFTPD;VSIG4;LILRB4;HAVCR2,immune
GO_Biological_Process_2023,Response To Cytokine (GO:0034097),15/125,2.9366296072861303e-05,0.0007587691547206,0,0,3.849264705882353,40.16962901167188,CSF3;MME;IL1R1;LIFR;OSMR;SELE;CXCL16;CRNN;COL3A1;SELL;KYNU;SMPD1;CHI3L1;IL6ST;TIMP4,immune
GO_Biological_Process_2023,T Cell Activation (GO:0042110),14/111,3.0707270447136226e-05,0.0007819459931349,0,0,4.070908457847011,42.30085500931957,CD86;CXADR;CCL21;CD80;CRTAM;CD1C;CD4;CD8A;CLEC7A;LEP;LEPR;CEACAM21;LCP1;CCL19,immune
GO_Biological_Process_2023,Positive Regulation Of Cell-Substrate Adhesion (GO:0010811),11/71,3.162450981137554e-05,0.0007819459931349,0,0,5.158260233918129,53.44771633098063,VIT;CCL25;FGA;NELL1;SFRP1;CCL21;APOA1;OLFM4;FBLN2;CX3CL1;SKAP1,
GO_Biological_Process_2023,Regulation Of Tissue Remodeling (GO:0034103),6/19,3.1729419997588005e-05,0.0007819459931349,0,0,12.923076923076923,133.86067130382068,GPNMB;IL15;FLT4;LEP;LEPR;THBS4,
GO_Biological_Process_2023,Axonogenesis (GO:0007409),19/188,3.1793461980977974e-05,0.0007819459931349,0,0,3.182521620391443,32.95898917282307,EPHB6;NOTCH2;RET;ROBO2;DRAXIN;NOTCH1;CNTN5;LRTM2;APLP1;SEMA3G;SEMA3F;EFNA1;NELL2;NELL1;SLITRK1;BOC;TNR;CNTN2;NRCAM,neurological signaling
GO_Biological_Process_2023,Regulation Of Interleukin-1 Beta Production (GO:0032651),12/84,3.223667261849939e-05,0.0007819459931349,0,0,4.693265007320644,48.53965147798695,ORM1;CLEC7A;SIRPA;APOA1;MNDA;LCP1;CCL19;AZU1;LILRA2;LILRB4;CX3CL1;CD33,immune
GO_Biological_Process_2023,Fibrinolysis (GO:0042730),5/12,3.2280851909735114e-05,0.0007819459931349,0,0,19.977225672877847,206.5852163290837,FGA;SERPINF2;PLAT;PLG;F2,
GO_Biological_Process_2023,Negative Regulation Of Complement Activation (GO:0045916),5/12,3.2280851909735114e-05,0.0007819459931349,0,0,19.977225672877847,206.5852163290837,CR2;CR1;SERPING1;C4BPB;VSIG4,immune
GO_Biological_Process_2023,Integrin-Mediated Signaling Pathway (GO:0007229),12/85,3.636731226897839e-05,0.0008731373290773,0,0,4.628733027136525,47.31416933817811,NELL1;CEACAM1;COL3A1;ITGAM;ADAMTS13;ADAM15;ANGPTL3;APOA1;ITGBL1;ITGB6;THY1;CDH17,
GO_Biological_Process_2023,Vascular Endothelial Growth Factor Receptor Signaling Pathway (GO:0048010),7/28,3.713695496757314e-05,0.0008837943756756,0,0,9.343023255813954,95.30722718205436,NELL1;FLT1;FLT4;PDCD6;VEGFB;VEGFD;VEGFA,blood vessels
GO_Biological_Process_2023,Regulation Of Interleukin-6 Production (GO:0032675),14/114,4.149800285779992e-05,0.0009789920152453,0,0,3.948164464023495,39.83644744971139,ORM1;IL16;LILRB2;MMP8;LILRA2;LILRB4;CX3CL1;CD200R1;CLEC7A;LEP;SIRPA;LCP1;GAS6;IL17D,immune
GO_Biological_Process_2023,T Cell Mediated Immunity (GO:0002456),6/20,4.39996868456511e-05,0.0010290616414849,0,0,11.999377980510056,120.36969681303594,CR2;CR1;CD70;CD8A;CRTAM;HLA-A,immune
GO_Biological_Process_2023,Positive Regulation Of Peptidyl-Tyrosine Phosphorylation (GO:0050731),15/130,4.667232744089766e-05,0.0010822395243346,0,0,3.6809462915601023,36.7077183542729,CSF3;IL15;CD80;HGF;THBS4;VEGFA;EFNA1;GH1;NELL1;ERBB3;CLEC6A;NTF3;CSPG4;IL6ST;GAS6,
GO_Biological_Process_2023,Positive Regulation Of Cell Adhesion (GO:0045785),12/88,5.163192579285383e-05,0.0011870967345424,0,0,4.445326346613239,43.88146273798439,RET;VIT;CCL21;HYAL1;ADAM8;LAMB1;AZU1;NID1;PRSS2;FBLN2;TGM2;VEGFA,
GO_Biological_Process_2023,Lipid Catabolic Process (GO:0016042),6/21,5.979590614142526e-05,0.0013602878628019,0,0,11.198838896952104,108.90393038370962,PNLIPRP1;HSD11B1;PLA2G1B;HSD17B14;LCP1;CES1,metabolism
GO_Biological_Process_2023,Negative Regulation Of Multicellular Organismal Process (GO:0051241),21/231,6.016754277045063e-05,0.0013602878628019,0,0,2.833086053412463,27.53299977881616,REG3A;PTPRR;NOTCH1;IL15;LAMA4;PON1;STC1;APOA1;ADM;CLEC4A;EFNA1;CRHBP;SFRP1;APOM;PROC;GPNMB;SLAMF8;PAEP;GAS6;IL17D;IL18R1,
GO_Biological_Process_2023,Positive Regulation Of Angiogenesis (GO:0045766),14/119,6.692808345971559e-05,0.001500627193605,0,0,3.7591776798825256,36.13280947785584,ECM1;FLT1;HSPB6;PDCD6;GDF2;VEGFB;VEGFD;VEGFA;LRG1;BMPER;TNN;HYAL1;ANGPTL3;CHI3L1,blood vessels
GO_Biological_Process_2023,Antigen Processing And Presentation Of Exogenous Peptide Antigen (GO:0002478),7/31,7.532177905061556e-05,0.0016613657444253,0,0,8.173873546511627,77.60064033457716,CLEC4A;CTSL;CTSV;CTSF;HLA-A;CTSE;CTSD,
GO_Biological_Process_2023,Positive Regulation Of Leukocyte Migration (GO:0002687),7/31,7.532177905061556e-05,0.0016613657444253,0,0,8.173873546511627,77.60064033457716,LGALS3;ADAM8;THY1;ZP3;LYVE1;ICAM1;VEGFA,immune
GO_Biological_Process_2023,Aminoglycan Catabolic Process (GO:0006026),5/14,7.70018564867459e-05,0.0016712482931883,0,0,15.53623188405797,147.15423275462302,CHIT1;IDUA;HYAL1;IDS;SGSH,
GO_Biological_Process_2023,Vascular Endothelial Growth Factor Signaling Pathway (GO:0038084),5/14,7.70018564867459e-05,0.0016712482931883,0,0,15.53623188405797,147.15423275462302,NELL1;FLT4;VEGFB;VEGFD;VEGFA,blood vessels
GO_Biological_Process_2023,Blood Vessel Morphogenesis (GO:0048514),9/53,7.903033242435278e-05,0.0017016610465656,0,0,5.743075801749272,54.24724948779642,NELL1;FLT1;CDH2;COL4A1;FLT4;SERPINF2;ANGPTL3;GDF2;VEGFA,blood vessels
GO_Biological_Process_2023,Positive Regulation Of Viral Life Cycle (GO:1903902),6/22,7.98135055605894e-05,0.0017049924455581,0,0,10.498367198838896,99.06068035045156,CD4;LGALS1;CD209;SMPD1;FURIN;CLEC4G,
GO_Biological_Process_2023,Positive Regulation Of Cellular Component Biogenesis (GO:0044089),12/93,8.943219626555578e-05,0.0018955433474097,0,0,4.169838945827233,38.87136292846302,CHGA;LGALS3;TCL1A;TFRC;HYAL1;CLEC7A;TPR;BRK1;SDC1;CLU;CX3CL1;VEGFA,
GO_Biological_Process_2023,Plasminogen Activation (GO:0031639),4/8,9.05017431443285e-05,0.0019033428616322,0,0,27.931982633863964,260.0507091935334,FGA;F11;PLAT;KLKB1,
GO_Biological_Process_2023,Regulation Of Interleukin-8 Production (GO:0032677),11/81,0.0001093705669411,0.0022824796008557,0,0,4.41906850459482,40.30530189842175,FCN1;PLA2G1B;CLEC7A;LEP;GDF2;CHI3L1;SSC5D;CD14;LILRA2;IL17D;CD33,immune
GO_Biological_Process_2023,High-Density Lipoprotein Particle Remodeling (GO:0034375),5/15,0.000112206251425,0.0023061784857289,0,0,13.981884057971014,127.16763828880366,APOM;APOC1;APOA1;LCAT;APOE,metabolism
GO_Biological_Process_2023,Negative Regulation Of Platelet Activation (GO:0010544),5/15,0.000112206251425,0.0023061784857289,0,0,13.981884057971014,127.16763828880366,PDGFRA;CEACAM1;C1QTNF1;APOE;F2,
GO_Biological_Process_2023,Regulation Of Heterotypic Cell-Cell Adhesion (GO:0034114),6/24,0.0001356825480234,0.0027470653193104,0,0,9.330914368650218,83.0935896470576,FGA;IL1RN;CEACAM6;APOA1;THY1;SKAP1,
GO_Biological_Process_2023,Negative Regulation Of Antigen Receptor-Mediated Signaling Pathway (GO:0050858),6/24,0.0001356825480234,0.0027470653193104,0,0,9.330914368650218,83.0935896470576,LGALS3;CEACAM1;CD300A;THY1;LILRB4;CD22,
GO_Biological_Process_2023,Cellular Response To Vascular Endothelial Growth Factor Stimulus (GO:0035924),7/34,0.000140748372161,0.002812275212648,0,0,7.26453488372093,64.4257953614234,NELL1;FLT1;NOTCH1;FLT4;VEGFB;VEGFD;VEGFA,blood vessels
GO_Biological_Process_2023,Triglyceride Metabolic Process (GO:0006641),8/45,0.0001409765679764,0.002812275212648,0,0,6.064125260631811,53.77009455079272,LIPF;PNLIPRP2;SEL1L;APOC1;APOBR;APOE;LCP1;GPIHBP1,
GO_Biological_Process_2023,Positive Regulation Of Cellular Component Organization (GO:0051130),13/113,0.0001517937325365,0.0030059590976028,0,0,3.660777126099706,32.189169272720264,TFRC;AHNAK;LRP1;BRK1;CLU;VEGFA;LGALS3;TCL1A;CLEC7A;HYAL1;SMPD1;APOE;CCL19,
GO_Biological_Process_2023,Negative Regulation Of Cell Population Proliferation (GO:0008285),28/379,0.0001577013506545,0.0030081083655346,0,0,2.266866566716642,19.845980418256847,COL18A1;NOTCH1;UMOD;PLG;PTPRK;GPNMB;TNN;TNFRSF8;IGFBP7;APOE;B2M;S100A11;CD33;ENPP7;CGREF1;ZBTB17;FGFBP1;NPM1;CD300A;IGFBP3;SOD2;SLURP1;SFRP4;NELL1;SFRP1;FABP3;OGN;ANG,
GO_Biological_Process_2023,Regulation Of Dendritic Cell Apoptotic Process (GO:2000668),4/9,0.0001584211270468,0.0030081083655346,0,0,22.344428364688856,195.51941718828647,CCL21;LILRB1;CCL19;GAS6,neurological signaling
GO_Biological_Process_2023,Negative Regulation Of Cell-Cell Adhesion Mediated By Cadherin (GO:2000048),4/9,0.0001584211270468,0.0030081083655346,0,0,22.344428364688856,195.51941718828647,NOTCH1;EPCAM;PLG;VEGFA,
GO_Biological_Process_2023,Regulation Of Cellular Extravasation (GO:0002691),4/9,0.0001584211270468,0.0030081083655346,0,0,22.344428364688856,195.51941718828647,THY1;OLFM4;LYVE1;ICAM1,
GO_Biological_Process_2023,Antifungal Innate Immune Response (GO:0061760),5/16,0.0001585549193776,0.0030081083655346,0,0,12.710144927536232,111.20626315878062,CLEC4A;CLEC4C;CLEC4D;CLEC7A;CLEC6A,immune
GO_Biological_Process_2023,Positive Regulation Of Positive Chemotaxis (GO:0050927),5/16,0.0001585549193776,0.0030081083655346,0,0,12.710144927536232,111.20626315878062,NTF3;VEGFB;IL16;VEGFD;VEGFA,
GO_Biological_Process_2023,Positive Regulation Of Cell-Cell Adhesion (GO:0022409),8/46,0.0001655182484293,0.0031184097777004,0,0,5.90423657396767,51.40481716109927,FGA;PODXL;CEACAM6;SERPINF2;PLAUR;THY1;CX3CL1;SKAP1,
GO_Biological_Process_2023,Cholesterol Homeostasis (GO:0042632),10/72,0.0001845157915115,0.0034523540853154,0,0,4.530963032728986,38.95620298727019,FABP3;APOM;ANGPTL3;PCSK9;APOA1;LCAT;LCP1;APOE;CES1;GPIHBP1,metabolism
GO_Biological_Process_2023,Positive Regulation Of Intracellular Signal Transduction (GO:1902533),35/525,0.0001923373594378,0.0035740496996915,0,0,2.036255411255411,17.422730007105812,RET;CD86;CSF3;ECM1;FLT1;TFRC;FLT4;CX3CL1;LGALS1;THPO;ERBB3;CLEC7A;CCL4;S100A13;S100A12;CCL19;TGM2;NTRK2;PDGFRA;CCL21;VWF;HGF;TNFRSF10B;MMP8;DCN;VEGFA;POMC;GH1;CD4;CLEC6A;LEP;CD27;CHI3L1;ADAM8;GAS6,
GO_Biological_Process_2023,Sterol Homeostasis (GO:0055092),10/73,0.0002072532330219,0.0038250205523038,0,0,4.45881126173097,37.81771610758613,FABP3;APOM;ANGPTL3;PCSK9;APOA1;LCAT;LCP1;APOE;CES1;GPIHBP1,
GO_Biological_Process_2023,Homophilic Cell Adhesion Via Plasma Membrane Adhesion Molecules (GO:0007156),9/60,0.0002123606249454,0.0038927998343032,0,0,4.953009775338707,41.8887164498419,ROBO2;CEACAM1;CDH2;CEACAM6;AMIGO2;CNTN2;CELSR2;PVR;CDH17,
GO_Biological_Process_2023,Negative Regulation Of Calcium Ion Transport (GO:0051926),5/17,0.0002182195391716,0.0039733530857236,0,0,11.65036231884058,98.21265851953731,STC1;LILRB1;LILRB2;NOS1;CD33,salt transport
GO_Biological_Process_2023,Negative Regulation Of Neuron Death (GO:1901215),11/88,0.0002318403253881,0.0041932186851875,0,0,4.015873015873016,33.610695301588784,CHGA;NTRK2;CD200R1;ERBB3;GPNMB;NTF3;APOE;TNFRSF1B;IL6ST;SOD2;CLU,neurological signaling
GO_Biological_Process_2023,Positive Regulation Of Interleukin-8 Production (GO:0032757),9/61,0.0002415476033764,0.0043398585957642,0,0,4.857507288629738,40.45547737886,FCN1;PLA2G1B;CLEC7A;LEP;GDF2;CHI3L1;CD14;LILRA2;IL17D,immune
GO_Biological_Process_2023,Negative Regulation Of Endothelial Cell Migration (GO:0010596),7/37,0.0002460700256016,0.0043920261806403,0,0,6.537063953488372,54.32231117628397,BMP10;NOTCH1;ANGPT2;GDF2;STC1;APOE;DCN,blood vessels
GO_Biological_Process_2023,Regulation Of Dendritic Cell Differentiation (GO:2001198),4/10,0.0002567790563801,0.0045532129409105,0,0,18.619392185238784,153.93199945590467,LGALS3;LGALS1;LILRB1;LILRB2,neurological signaling
GO_Biological_Process_2023,Positive Regulation Of Vasculature Development (GO:1904018),12/104,0.0002623589055034,0.0046219461729273,0,0,3.669170539181361,30.25523587681676,ECM1;FLT1;LRG1;HSPB6;HYAL1;PDCD6;GDF2;ANGPTL3;VEGFB;CHI3L1;VEGFD;VEGFA,
GO_Biological_Process_2023,Regulation Of Peptidase Activity (GO:0052547),6/27,0.0002730283774932,0.0047788773428335,0,0,7.996682562720299,65.62025589646632,ECM1;CTSL;FURIN;CTSV;CST7;PRSS22,
GO_Biological_Process_2023,Regulation Of Phosphatidylinositol 3-Kinase Signaling (GO:0014066),11/90,0.0002830792722072,0.0049230388813998,0,0,3.913798208601673,31.974884362528314,CRNN;PDGFRA;NTRK2;GH1;CSF3;CEACAM1;FLT1;ERBB3;HGF;LEP;DCN,
GO_Biological_Process_2023,Defense Response To Bacterium (GO:0042742),18/204,0.000286354789093,0.0049482837121626,0,0,2.732977557535617,22.29639340049468,WFDC12;CHGA;PGLYRP2;PLA2G1B;SFTPD;PLA2G2A;UMOD;LPO;HLA-A;RNASE3;AZU1;RNASE1;MPO;GNLY;SLAMF8;S100A12;ANG;PI3,
GO_Biological_Process_2023,Negative Regulation Of Monoatomic Ion Transport (GO:0043271),5/18,0.0002935485801867,0.0049774831127922,0,0,10.753623188405795,87.46424376560606,STC1;LILRB1;LILRB2;NOS1;CD33,salt transport
GO_Biological_Process_2023,Negative Regulation Of Peptide Hormone Secretion (GO:0090278),5/18,0.0002935485801867,0.0049774831127922,0,0,10.753623188405795,87.46424376560606,CHGA;CRHBP;SFRP1;CRH;FAM3D,
GO_Biological_Process_2023,Regulation Of Cell-Cell Adhesion Mediated By Cadherin (GO:2000047),5/18,0.0002935485801867,0.0049774831127922,0,0,10.753623188405795,87.46424376560606,NOTCH1;EPCAM;SERPINF2;PLG;VEGFA,
GO_Biological_Process_2023,Cell Chemotaxis (GO:0060326),8/50,0.0003014057688563,0.0050789680180569,0,0,5.340819297151175,43.29830580910672,CCL25;PDGFRA;NELL1;CCL21;HGF;AZU1;CX3CL1;VEGFA,
GO_Biological_Process_2023,Glycosaminoglycan Metabolic Process (GO:0030203),6/28,0.0003373627601974,0.0056151237326108,0,0,7.632801161103048,61.01929744791887,HS3ST3B1;GALNT5;IDUA;HYAL1;IDS;SGSH,
GO_Biological_Process_2023,Negative Regulation Of Type II Interferon Production (GO:0032689),6/28,0.0003373627601974,0.0056151237326108,0,0,7.632801161103048,61.01929744791887,CR1;LILRB1;PDCD1LG2;GAS6;LILRB4;HAVCR2,immune
GO_Biological_Process_2023,Regulation Of Receptor-Mediated Endocytosis (GO:0048259),7/39,0.0003461342373732,0.0057012977205907,0,0,6.127861555232558,48.83099164834853,C3;CCL21;APOC1;CCL19;RSPO1;CLU;B2M,
GO_Biological_Process_2023,Cholesterol Transport (GO:0030301),8/51,0.0003467431344996,0.0057012977205907,0,0,5.216343387156833,41.55822331332287,MSR1;APOM;APOC1;APOA1;LCAT;APOE;CLU;CES1,metabolism
GO_Biological_Process_2023,Positive Regulation Of Interleukin-1 Production (GO:0032732),9/64,0.0003497197103313,0.0057155998441509,0,0,4.591836734693878,36.54357498339412,ORM1;CLEC7A;S100A13;IL16;MNDA;LCP1;CCL19;AZU1;LILRA2,immune
GO_Biological_Process_2023,Leukocyte Adhesion To Vascular Endothelial Cell (GO:0061756),5/19,0.0003870559896919,0.0061116132423472,0,0,9.984989648033126,78.45147653914287,SELPLG;LRG1;PODXL2;SELL;SELE,immune;blood vessels
GO_Biological_Process_2023,Regulation Of Acute Inflammatory Response (GO:0002673),5/19,0.0003870559896919,0.0061116132423472,0,0,9.984989648033126,78.45147653914287,APCS;F12;OSMR;IL6ST;KLKB1,immune
GO_Biological_Process_2023,Negative Regulation Of Fibrinolysis (GO:0051918),4/11,0.0003924336952307,0.0061116132423472,0,0,15.958652057060162,125.1659896020062,SERPINF2;PLAT;PLG;F2,
GO_Biological_Process_2023,Negative Regulation Of Leukocyte Apoptotic Process (GO:2000107),4/11,0.0003924336952307,0.0061116132423472,0,0,15.958652057060162,125.1659896020062,CCL21;LILRB1;CCL19;GAS6,immune
GO_Biological_Process_2023,Positive Regulation Of Keratinocyte Proliferation (GO:0010838),4/11,0.0003924336952307,0.0061116132423472,0,0,15.958652057060162,125.1659896020062,CRNN;NOTCH2;REG3A;LRG1,
GO_Biological_Process_2023,Regulation Of Mast Cell Chemotaxis (GO:0060753),3/5,0.0003964776744021,0.0061116132423472,0,0,41.84176300578034,327.74196155618785,VEGFB;VEGFD;VEGFA,immune
GO_Biological_Process_2023,Induction Of Bacterial Agglutination (GO:0043152),3/5,0.0003964776744021,0.0061116132423472,0,0,41.84176300578034,327.74196155618785,FGA;SFTPD;RNASE3,
GO_Biological_Process_2023,Negative Regulation Of Neuron Migration (GO:2001223),3/5,0.0003964776744021,0.0061116132423472,0,0,41.84176300578034,327.74196155618785,COL3A1;TNN;CX3CL1,neurological signaling
GO_Biological_Process_2023,Protein Import (GO:0017038),3/5,0.0003964776744021,0.0061116132423472,0,0,41.84176300578034,327.74196155618785,LAMP2;CLU;GPIHBP1,
GO_Biological_Process_2023,Regulation Of T Cell Activation Via T Cell Receptor Contact With Antigen Bound To MHC Molecule On Antigen Presenting Cell (GO:2001188),3/5,0.0003964776744021,0.0061116132423472,0,0,41.84176300578034,327.74196155618785,LGALS3;LILRB1;HAVCR2,immune
GO_Biological_Process_2023,Negative Regulation Of Cell-Cell Adhesion (GO:0022408),7/40,0.0004071234587576,0.006240259568416,0,0,5.941860465116279,46.38450435935787,IL1RN;NOTCH1;EPCAM;PODXL;APOA1;PLG;VEGFA,
GO_Biological_Process_2023,Defense Response To Fungus (GO:0050832),6/29,0.0004129810697024,0.0062944811354084,0,0,7.300561620495993,56.88677046352528,CLEC4A;CLEC4C;CLEC4D;CLEC7A;CLEC6A;S100A12,
GO_Biological_Process_2023,Positive Regulation Of Signal Transduction (GO:0009967),21/266,0.0004260430902084,0.0064572899650035,0,0,2.423908435777872,18.81188081300573,VWF;CD80;KLK14;LY96;LAMB1;CTSV;NID1;TXNDC15;SLC39A14;VEGFA;C3;GH1;NELL1;SFRP1;ESM1;CTSL;CLEC6A;RSPO1;FGFBP3;GAS6;IL6ST,
GO_Biological_Process_2023,Positive Regulation Of Immune Response (GO:0050778),10/80,0.0004418392890954,0.0066242489541751,0,0,4.011470281543274,30.986860293139586,ITGAM;C7;IL15;PLA2G1B;C9;LILRB1;IL6ST;ZP3;SKAP1;CD177,immune
GO_Biological_Process_2023,Regulation Of Endocytosis (GO:0030100),9/66,0.0004419421528587,0.0066242489541751,0,0,4.430259321773822,34.22079189965395,LGALS3;LRP1;SMPD1;LILRB1;APOE;CCL19;OLFM4;CD22;CD177,
GO_Biological_Process_2023,Acylglycerol Metabolic Process (GO:0006639),7/41,0.0004764023389803,0.0071015359651302,0,0,5.766800615595075,44.11168698414174,LIPF;PNLIPRP2;SEL1L;APOC1;APOBR;APOE;LCP1,
GO_Biological_Process_2023,Negative Regulation Of Inflammatory Response (GO:0050728),12/111,0.0004802676125406,0.0071200329662444,0,0,3.408491947291361,26.04485647132213,REG3A;IL22;APCS;CD200R1;PROC;SIGLEC10;SLAMF8;SIRPA;APOA1;FURIN;APOE;TNFRSF1B,immune
GO_Biological_Process_2023,Activation Of Protein Kinase Activity (GO:0032147),10/81,0.0004886660522296,0.0072051684766245,0,0,3.9547650868715936,30.150461543231817,CD86;LEP;NTF3;CHI3L1;TNFRSF10B;ANG;PILRB;TNFRSF10A;GAS6;VEGFA,
GO_Biological_Process_2023,Microglial Cell Activation (GO:0001774),5/20,0.0005014087427244,0.0073530914541152,0,0,9.318840579710145,70.8053795028613,C1QA;ITGAM;AZU1;CLU;CX3CL1,neurological signaling
GO_Biological_Process_2023,Positive Regulation Of Multicellular Organismal Process (GO:0051240),27/387,0.0005056938745395,0.0073760617291713,0,0,2.127058383233533,16.143477770713147,GRP;LRP1;OXT;LILRA2;S100A13;SPP1;LEPR;APOE;FGF21;FGA;IL4R;IL15;CRTAM;LILRB2;VEGFA;COL1A1;NELL1;GH1;FABP4;LRG1;CLEC6A;LEP;CRH;GNAS;ADAM8;LCP1;GAS6,
GO_Biological_Process_2023,Steroid Catabolic Process (GO:0006706),4/12,0.0005725112833253,0.0083060059447148,0,0,13.963096960926194,104.2411947635673,HSD11B1;SPP1;HSD17B14;FGF23,metabolism
GO_Biological_Process_2023,Phosphatidylcholine Metabolic Process (GO:0046470),8/55,0.0005869515052107,0.0084702097533863,0,0,4.7714082195174825,35.50198901256605,PNLIPRP2;PLA2G1B;PON1;PLA2G2A;APOA1;LCAT;PLA2G7;PLB1,
GO_Biological_Process_2023,Negative Regulation Of Cellular Process (GO:0048523),34/537,0.00059871088957,0.0085941938804426,0,0,1.9227088302259063,14.267906426904286,CDA;COL18A1;BMP10;NOTCH1;PLG;UMOD;PTPRK;CLU;GPNMB;ERBB3;HYAL1;PODXL;TNFRSF8;IGFBP7;S100A11;CD33;ENPP7;CD164;ZBTB17;CGREF1;FGFBP1;NPM1;IGFBP3;GDF2;APOA1;LILRB1;SOD2;SLURP1;SFRP4;FABP3;SFRP1;ADAM15;TGFBI;ZP3,
GO_Biological_Process_2023,Positive Regulation Of Cholesterol Transport (GO:0032376),6/31,0.0006034124675852,0.0086160948660985,0,0,6.715820029027576,49.78376655840496,LRP1;PON1;APOA1;APOE;ENPP7;CES1,metabolism
GO_Biological_Process_2023,Phospholipid Metabolic Process (GO:0006644),9/69,0.000616996671184,0.0087182915048031,0,0,4.2080903790087465,31.10051023757328,PNLIPRP2;PLA2G1B;SMPD1;PLA2G2A;ANGPTL3;LCAT;LCP1;PLB1;ENPP7,metabolism
GO_Biological_Process_2023,Positive Regulation Of Phosphatidylinositol 3-Kinase Signaling (GO:0014068),9/69,0.000616996671184,0.0087182915048031,0,0,4.2080903790087465,31.10051023757328,PDGFRA;NTRK2;GH1;CSF3;FLT1;ERBB3;HGF;LEP;DCN,
GO_Biological_Process_2023,Negative Regulation Of Biomineral Tissue Development (GO:0070168),5/21,0.0006394134964601,0.008850657223961,0,0,8.735960144927537,64.25263055717163,ECM1;NOTCH1;GAS6;FGF23;ASPN,
GO_Biological_Process_2023,Negative Regulation Of Interleukin-2 Production (GO:0032703),5/21,0.0006394134964601,0.008850657223961,0,0,8.735960144927537,64.25263055717163,CR1;SFTPD;VSIG4;LILRB4;HAVCR2,immune
GO_Biological_Process_2023,Peptide Catabolic Process (GO:0043171),5/21,0.0006394134964601,0.008850657223961,0,0,8.735960144927537,64.25263055717163,ADAMTS13;MME;CPQ;DPEP1;TPP1,
GO_Biological_Process_2023,Positive Regulation Of Blood Coagulation (GO:0030194),5/21,0.0006394134964601,0.008850657223961,0,0,8.735960144927537,64.25263055717163,F12;SERPINF2;PLAT;PLG;F2,
GO_Biological_Process_2023,Skeletal System Development (GO:0001501),14/149,0.0007087216116819,0.0097602118400662,0,0,2.919236417033774,21.170441912605224,COL18A1;AHSG;GDF2;STC1;PRELP;PTH1R;COL1A1;TCOF1;HYAL1;OGN;GNAS;CHI3L1;MATN3;TGM2,
GO_Biological_Process_2023,Regulation Of Kinase Activity (GO:0043549),10/85,0.000719092386705,0.009853018409751,0,0,3.743065693430657,27.09051549443437,RET;PDGFRA;NTRK2;CD4;FLT1;ERBB3;FLT4;TIE1;SLAMF8;MET,
GO_Biological_Process_2023,Regulation Of B Cell Proliferation (GO:0030888),7/44,0.000742069791252,0.0100661767183342,0,0,5.298397234443746,38.18060684652135,TFRC;TNFRSF13B;CD300A;MZB1;CD38;MNDA;CD22,immune
GO_Biological_Process_2023,Regulation Of Cell-Substrate Adhesion (GO:0010810),7/44,0.000742069791252,0.0100661767183342,0,0,5.298397234443746,38.18060684652135,VIT;NOTCH1;SPOCK1;PLG;THY1;FBLN2;CX3CL1,
GO_Biological_Process_2023,Axon Extension Involved In Axon Guidance (GO:0048846),3/6,0.0007724502929603,0.010173095363114,0,0,27.893063583815028,199.8801008624749,NELL2;NELL1;SEMA3F,neurological signaling
GO_Biological_Process_2023,Cytolysis By Host Of Symbiont Cells (GO:0051838),3/6,0.0007724502929603,0.010173095363114,0,0,27.893063583815028,199.8801008624749,CFHR2;CFHR5;F2,immune
GO_Biological_Process_2023,Neuron Projection Extension Involved In Neuron Projection Guidance (GO:1902284),3/6,0.0007724502929603,0.010173095363114,0,0,27.893063583815028,199.8801008624749,NELL2;NELL1;SEMA3F,neurological signaling
GO_Biological_Process_2023,Peptide Transport (GO:0015833),3/6,0.0007724502929603,0.010173095363114,0,0,27.893063583815028,199.8801008624749,CLEC4M;CD209;CDH17,
GO_Biological_Process_2023,Positive Regulation Of Steroid Metabolic Process (GO:0045940),3/6,0.0007724502929603,0.010173095363114,0,0,27.893063583815028,199.8801008624749,APOE;CGA;CES1,metabolism
GO_Biological_Process_2023,Receptor-Mediated Virion Attachment To Host Cell (GO:0046813),3/6,0.0007724502929603,0.010173095363114,0,0,27.893063583815028,199.8801008624749,CLEC4M;GAS6;ICAM1,immune
GO_Biological_Process_2023,Dendritic Cell Differentiation (GO:0097028),5/22,0.0008040025654792,0.0103909795120517,0,0,8.221653878942881,58.58674995405512,LILRB1;PRTN3;CCL19;GAS6;CLU,neurological signaling
GO_Biological_Process_2023,Positive Regulation Of Cholesterol Efflux (GO:0010875),5/22,0.0008040025654792,0.0103909795120517,0,0,8.221653878942881,58.58674995405512,LRP1;PON1;APOA1;APOE;CES1,metabolism
GO_Biological_Process_2023,Negative Regulation Of Neuroinflammatory Response (GO:0150079),4/13,0.0008043146691967,0.0103909795120517,0,0,12.410998552821995,88.43481823132616,CD200R1;CST7;TNFRSF1B;CX3CL1,immune;neurological signaling
GO_Biological_Process_2023,Positive Regulation Of Granulocyte Macrophage Colony-Stimulating Factor Production (GO:0032725),4/13,0.0008043146691967,0.0103909795120517,0,0,12.410998552821995,88.43481823132616,CD80;PAEP;LILRA2;IL17D,
GO_Biological_Process_2023,Regulation Of Neuron Death (GO:1901214),8/58,0.0008434527284148,0.0107938077933462,0,0,4.4844250363901015,31.740790452033902,CHGA;C1QA;CD200R1;ITGAM;GPNMB;PCSK9;TNFRSF1B;CLU,neurological signaling
GO_Biological_Process_2023,Positive Regulation Of Type II Interferon Production (GO:0032729),8/58,0.0008434527284148,0.0107938077933462,0,0,4.4844250363901015,31.740790452033902,IL1R1;CLEC7A;CRTAM;LILRB1;HLA-A;CD14;ZP3;IL18R1,immune
GO_Biological_Process_2023,Negative Regulation Of Epithelial Cell Migration (GO:0010633),6/33,0.0008557158613124,0.0108993292569987,0,0,6.217706821480406,43.919220894310165,BMP10;PTPRR;GDF2;STC1;APOE;DCN,
GO_Biological_Process_2023,Negative Regulation Of Programmed Cell Death (GO:0043069),26/381,0.0008817688796761,0.0111786867783241,0,0,2.074569990947178,14.591655194948496,NOTCH2;TFRC;FLT4;AMIGO2;PEPD;MPO;CX3CL1;TCL1A;ERBB3;CLEC5A;CD38;NPM1;CDSN;HGF;PLAUR;AZU1;VEGFA;FABP1;SFRP1;PROC;CAT;CD27;DPEP1;GAS6;IL6ST;MET,
GO_Biological_Process_2023,Regulation Of Apoptotic Process (GO:0042981),41/705,0.0009409825806907,0.0118738871693677,0,0,1.7599779853358388,12.264557825786536,NOTCH2;TFRC;FLT4;PCSK9;CLU;MPO;CX3CL1;TCL1A;LGALS1;ERBB3;ADAMTSL4;SMPD1;NTF3;CLEC5A;TNFRSF8;CD38;CTSD;TGM2;NPM1;TNFRSF12A;IGFBP3;GZMA;HGF;PLAUR;TNFRSF10B;TNFRSF10A;LILRB1;AZU1;OLFM4;VEGFA;FABP1;CXCL10;SFRP4;SFRP1;PROC;CAT;CD27;DPEP1;MNDA;GAS6;IL6ST,
GO_Biological_Process_2023,Endocytosis (GO:0006897),16/189,0.0009549479828442,0.0119943235067433,0,0,2.605940391769604,18.12132820191188,MSR1;ITGAM;SCARA5;LRP1;AHSG;SFTPD;IGF2R;ASGR1;CXCL16;MARCO;MRC1;APOE;CD14;CD302;GAS6;MET,
GO_Biological_Process_2023,Regulation Of Extracellular Matrix Organization (GO:1903053),5/23,0.0009982194136199,0.0124800427149814,0,0,7.764492753623188,53.64905348074967,NOTCH1;LRP1;TIE1;LAMB1;NID1,
GO_Biological_Process_2023,Negative Regulation Of Interleukin-6 Production (GO:0032715),6/34,0.0010089238408335,0.0125560109182632,0,0,5.99533485382542,41.36104188009418,ORM1;CD200R1;SIRPA;GAS6;LILRB4;CX3CL1,immune
GO_Biological_Process_2023,Negative Regulation Of T Cell Mediated Immunity (GO:0002710),4/14,0.0010952413768596,0.013506317524637,0,0,11.16931982633864,76.13880164090901,CEACAM1;CD80;LILRB1;LILRB4,immune
GO_Biological_Process_2023,Positive Regulation Of Heterotypic Cell-Cell Adhesion (GO:0034116),4/14,0.0010952413768596,0.013506317524637,0,0,11.16931982633864,76.13880164090901,FGA;CEACAM6;THY1;SKAP1,
GO_Biological_Process_2023,Positive Regulation Of Neurogenesis (GO:0050769),9/75,0.0011372738846199,0.0139611947917369,0,0,3.824344023323615,25.925691681514344,ROBO2;NTRK2;VCAN;MME;SLITRK1;NCAN;CX3CL1;TGM2;VEGFA,neurological signaling
GO_Biological_Process_2023,Macrophage Activation (GO:0042116),6/35,0.0011823485899865,0.0143920095955513,0,0,5.788298883939743,39.014595954289,C1QA;FCER2;ITGAM;AZU1;CLU;CX3CL1,
GO_Biological_Process_2023,Positive Regulation Of Cell Junction Assembly (GO:1901890),8/61,0.0011829775671979,0.0143920095955513,0,0,4.229930515503557,28.508550072188307,ACE2;NELL1;SFRP1;CLSTN2;SLITRK1;IL1RAP;THY1;VEGFA,
GO_Biological_Process_2023,Acylglycerol Homeostasis (GO:0055090),5/24,0.0012252038340665,0.0147732355636552,0,0,7.355453852021358,49.31572935282372,ANGPTL3;APOA1;APOE;LCP1;GPIHBP1,
GO_Biological_Process_2023,Mononuclear Cell Differentiation (GO:1903131),5/24,0.0012252038340665,0.0147732355636552,0,0,7.355453852021358,49.31572935282372,LY6D;LILRB1;GAS6;CLU;VEGFA,
GO_Biological_Process_2023,Positive Regulation Of Defense Response (GO:0031349),12/124,0.0012898583490307,0.0152680703587404,0,0,3.010824095377536,20.03168373972393,LGALS1;GRP;IL15;DDT;PLA2G2A;S100A12;ADAM8;IL16;LCP1;ZP3;PLA2G7;CX3CL1,
GO_Biological_Process_2023,Regulation Of Natural Killer Cell Mediated Cytotoxicity Directed Against Tumor Cell Target (GO:0002858),3/7,0.0013168921724825,0.0152680703587404,0,0,20.91871387283237,138.7429667240966,CEACAM1;CRTAM;PVR,
GO_Biological_Process_2023,Cellular Response To Interferon-Alpha (GO:0035457),3/7,0.0013168921724825,0.0152680703587404,0,0,20.91871387283237,138.7429667240966,TPR;GAS6;IFNAR1,immune
GO_Biological_Process_2023,Coronary Vasculature Morphogenesis (GO:0060977),3/7,0.0013168921724825,0.0152680703587404,0,0,20.91871387283237,138.7429667240966,NELL1;NOTCH1;VEGFA,
GO_Biological_Process_2023,Very-Low-Density Lipoprotein Particle Remodeling (GO:0034372),3/7,0.0013168921724825,0.0152680703587404,0,0,20.91871387283237,138.7429667240966,LCAT;APOE;LCP1,metabolism
GO_Biological_Process_2023,"Negative Regulation Of Complement Activation, Classical Pathway (GO:0045959)",3/7,0.0013168921724825,0.0152680703587404,0,0,20.91871387283237,138.7429667240966,CR2;CR1;C4BPB,immune
GO_Biological_Process_2023,Negative Regulation Of Macrophage Migration (GO:1905522),3/7,0.0013168921724825,0.0152680703587404,0,0,20.91871387283237,138.7429667240966,CD200R1;DDT;SLAMF8,
GO_Biological_Process_2023,Negative Regulation Of Osteoblast Proliferation (GO:0033689),3/7,0.0013168921724825,0.0152680703587404,0,0,20.91871387283237,138.7429667240966,NELL1;SFRP1;TNN,
GO_Biological_Process_2023,Regulation Of Cdc42 Protein Signal Transduction (GO:0032489),3/7,0.0013168921724825,0.0152680703587404,0,0,20.91871387283237,138.7429667240966,NELL1;APOA1;APOE,
GO_Biological_Process_2023,Response To Lipopolysaccharide (GO:0032496),14/159,0.0013358565168923,0.0154220371503357,0,0,2.7164919742771785,17.978239936680538,CD86;CXCL9;CD80;LY96;LILRB1;PDCD1LG2;LILRB2;TNFRSF1B;SELE;CXCL10;SIRPA;CD14;NOS1;IFNAR1,
GO_Biological_Process_2023,Receptor Signaling Pathway Via JAK-STAT (GO:0007259),6/36,0.0013776951794805,0.0158376568725879,0,0,5.595065312046444,36.85661619713076,GH1;IL15;LEP;CSF2RB;CSF2RA;IFNAR1,
GO_Biological_Process_2023,Antibacterial Humoral Response (GO:0019731),7/49,0.001432013350095,0.0163926253958132,0,0,4.666424418604652,30.558891739485706,WFDC12;FGA;PLA2G1B;SFTPD;HLA-A;RNASE3;PI3,
GO_Biological_Process_2023,Regulation Of Granulocyte Macrophage Colony-Stimulating Factor Production (GO:0032645),4/15,0.0014527104906463,0.0164903914691365,0,0,10.153400868306802,66.34561263679764,CD80;PAEP;LILRA2;IL17D,
GO_Biological_Process_2023,Glycosaminoglycan Catabolic Process (GO:0006027),4/15,0.0014527104906463,0.0164903914691365,0,0,10.153400868306802,66.34561263679764,IDUA;HYAL1;IDS;SGSH,
GO_Biological_Process_2023,Regulation Of Keratinocyte Proliferation (GO:0010837),5/25,0.0014881769716373,0.0168226005168838,0,0,6.98731884057971,45.48886699224756,NOTCH2;CRNN;REG3A;LRG1;PTPRK,
GO_Biological_Process_2023,Negative Regulation Of Apoptotic Process (GO:0043066),30/482,0.0015984413576198,0.0179940722125423,0,0,1.881662119901524,12.11550733399752,NOTCH2;NOTCH1;TFRC;FLT4;CLU;MPO;CX3CL1;TCL1A;ERBB3;NTF3;CLEC5A;CD38;APOE;NTRK2;NPM1;HGF;PLAUR;AZU1;SOD2;VEGFA;FABP1;SFRP1;PROC;CEACAM6;CAT;CD27;DPEP1;ADAM8;GAS6;IL6ST,
GO_Biological_Process_2023,Negative Regulation Of Cell Migration (GO:0030336),14/163,0.0016920673320678,0.0189693333549588,0,0,2.643014122539889,16.867198691907554,BMP10;PTPRR;LRP1;IGFBP3;STC1;THY1;PTPRK;CX3CL1;SLURP1;SFRP1;COL3A1;ADAM15;TNN;DPEP1,
GO_Biological_Process_2023,Antigen Processing And Presentation Of Exogenous Peptide Antigen Via MHC Class II (GO:0019886),5/26,0.0017904263242531,0.0199699051571695,0,0,6.654244306418219,42.09010160929339,CTSL;CTSV;CTSF;CTSE;CTSD,
GO_Biological_Process_2023,Antimicrobial Humoral Immune Response Mediated By Antimicrobial Peptide (GO:0061844),8/65,0.0017960401247141,0.0199699051571695,0,0,3.932276105109936,24.86052183066019,REG3A;CXCL10;CXCL9;GNLY;PLA2G1B;S100A12;RNASE3;F2,immune
GO_Biological_Process_2023,Regulation Of Release Of Sequestered Calcium Ion Into Cytosol (GO:0051279),7/51,0.001818004870492,0.0200497854213212,0,0,4.453851744186046,28.1038740045712,CXCL10;CXCL9;HRC;NOS1;THY1;F2;CX3CL1,
GO_Biological_Process_2023,Receptor Internalization (GO:0031623),7/51,0.001818004870492,0.0200497854213212,0,0,4.453851744186046,28.1038740045712,CCL14;CEACAM1;TFRC;LRP1;ADM;LILRB1;LILRB4,
GO_Biological_Process_2023,Fatty Acid Transport (GO:0015908),6/38,0.0018412275952979,0.0202236860973416,0,0,5.24482946298984,33.028383941545925,FABP1;FABP2;FABP3;FABP4;FABP9;APOE,metabolism
GO_Biological_Process_2023,Regulation Of Interleukin-1 Production (GO:0032652),4/16,0.0018840976898633,0.0202839564785684,0,0,9.306801736613604,58.39372432032739,ORM1;CEACAM1;SIRPA;GAS6,immune
GO_Biological_Process_2023,Regulation Of Plasminogen Activation (GO:0010755),4/16,0.0018840976898633,0.0202839564785684,0,0,9.306801736613604,58.39372432032739,F12;SERPINF2;PLAUR;PLAT,
GO_Biological_Process_2023,Regulation Of Protein Kinase C Signaling (GO:0090036),4/16,0.0018840976898633,0.0202839564785684,0,0,9.306801736613604,58.39372432032739,FLT4;SEZ6L;SEZ6L2;VEGFA,
GO_Biological_Process_2023,Lymphocyte Mediated Immunity (GO:0002449),4/16,0.0018840976898633,0.0202839564785684,0,0,9.306801736613604,58.39372432032739,CR2;CR1;CD70;CD8A,immune
GO_Biological_Process_2023,Negative Regulation Of Interleukin-10 Production (GO:0032693),4/16,0.0018840976898633,0.0202839564785684,0,0,9.306801736613604,58.39372432032739,LILRB1;PDCD1LG2;MMP8;LILRB4,immune
GO_Biological_Process_2023,Negative Regulation Of Immune Response (GO:0050777),8/66,0.0019828128372719,0.0211751260085622,0,0,3.864277468252773,24.04832154211302,FCRLB;LGALS3;COL3A1;CR1;CD300A;FURIN;LILRB1;HAVCR2,immune
GO_Biological_Process_2023,Sprouting Angiogenesis (GO:0002040),7/52,0.0020389755736966,0.0211751260085622,0,0,4.354651162790698,26.97840417146508,NELL1;ESM1;BMPER;FLT4;VEGFB;VEGFD;VEGFA,blood vessels
GO_Biological_Process_2023,Negative Regulation Of Response To Stimulus (GO:0048585),7/52,0.0020389755736966,0.0211751260085622,0,0,4.354651162790698,26.97840417146508,FCRLB;COL3A1;ERBB3;IGFBP3;APOA1;THY1;CLU,
GO_Biological_Process_2023,"Regulation Of Complement Activation, Classical Pathway (GO:0030450)",3/8,0.0020527306082756,0.0211751260085622,0,0,16.734104046242773,103.56041471516058,CR2;CR1;C4BPB,immune
GO_Biological_Process_2023,Cobalamin Transport (GO:0015889),3/8,0.0020527306082756,0.0211751260085622,0,0,16.734104046242773,103.56041471516058,TCN2;CBLIF;TCN1,
GO_Biological_Process_2023,Commissural Neuron Axon Guidance (GO:0071679),3/8,0.0020527306082756,0.0211751260085622,0,0,16.734104046242773,103.56041471516058,NELL1;NCAM1;VEGFA,neurological signaling
GO_Biological_Process_2023,Sympathetic Ganglion Development (GO:0061549),3/8,0.0020527306082756,0.0211751260085622,0,0,16.734104046242773,103.56041471516058,NELL2;NELL1;SEMA3F,
GO_Biological_Process_2023,Synapse Pruning (GO:0098883),3/8,0.0020527306082756,0.0211751260085622,0,0,16.734104046242773,103.56041471516058,C3;ITGAM;CX3CL1,neurological signaling
GO_Biological_Process_2023,Triglyceride-Rich Lipoprotein Particle Remodeling (GO:0034370),3/8,0.0020527306082756,0.0211751260085622,0,0,16.734104046242773,103.56041471516058,LCAT;APOE;LCP1,metabolism
GO_Biological_Process_2023,Immune Response-Inhibiting Cell Surface Receptor Signaling Pathway (GO:0002767),3/8,0.0020527306082756,0.0211751260085622,0,0,16.734104046242773,103.56041471516058,LILRB1;LILRB2;LILRB4,immune
GO_Biological_Process_2023,Negative Regulation Of Production Of Molecular Mediator Of Immune Response (GO:0002701),3/8,0.0020527306082756,0.0211751260085622,0,0,16.734104046242773,103.56041471516058,CR1;LILRB1;CD22,immune
GO_Biological_Process_2023,Vitamin Transport (GO:0051180),6/39,0.0021130637132168,0.0217149312649895,0,0,5.085631349782293,31.32553820461646,TCN2;CBLIF;TCN1;AFM;APOA1;FOLR2,
GO_Biological_Process_2023,Positive Regulation Of Protein-Containing Complex Assembly (GO:0031334),10/98,0.0021533250569208,0.0220451731299105,0,0,3.187956204379562,19.57641685614394,LGALS3;TCL1A;TFRC;CLEC7A;BRK1;CAPG;LCP1;CLU;SKAP1;VEGFA,
GO_Biological_Process_2023,Negative Regulation Of Cysteine-Type Endopeptidase Activity (GO:2000117),7/53,0.002280153401147,0.023255850290646,0,0,4.259763650151668,25.914325655866044,FABP1;HGF;DPEP1;GAS6;CST7;CST5;VEGFA,
GO_Biological_Process_2023,Positive Regulation Of Programmed Cell Death (GO:0043068),18/245,0.0023752603185573,0.0240821736187065,0,0,2.234553842750148,13.502622844383172,TNFRSF12A;IGFBP3;GZMA;TNFRSF10B;LILRB1;TNFRSF10A;CLU;SFRP4;FCER2;SFRP1;LGALS1;ADAMTSL4;CLEC7A;SMPD1;TNFRSF8;MNDA;CTSD;TGM2,
GO_Biological_Process_2023,Leukocyte Tethering Or Rolling (GO:0050901),4/17,0.0023966778020828,0.0240821736187065,0,0,8.590448625180898,51.83194718716016,SELPLG;PODXL2;SELL;SELE,immune
GO_Biological_Process_2023,Negative Regulation Of Leukocyte Activation (GO:0002695),4/17,0.0023966778020828,0.0240821736187065,0,0,8.590448625180898,51.83194718716016,CD300A;LILRB4;CD33;HAVCR2,immune
GO_Biological_Process_2023,Positive Regulation Of Cell Adhesion Mediated By Integrin (GO:0033630),4/17,0.0023966778020828,0.0240821736187065,0,0,8.590448625180898,51.83194718716016,RET;CCL21;PODXL;SKAP1,
GO_Biological_Process_2023,Negative Regulation Of Secretion By Cell (GO:1903531),6/40,0.0024141130190009,0.0241678546883744,0,0,4.935797831469308,29.745207249426613,CHGA;NOTCH1;LILRB1;APOE;TNFRSF1B;FGF23,
GO_Biological_Process_2023,Antigen Processing And Presentation Of Peptide Antigen Via MHC Class II (GO:0002495),5/28,0.0025261462267971,0.0251041564589769,0,0,6.074984247006931,36.33484751631759,CTSL;CTSV;CTSF;CTSE;CTSD,
GO_Biological_Process_2023,Apoptotic Cell Clearance (GO:0043277),5/28,0.0025261462267971,0.0251041564589769,0,0,6.074984247006931,36.33484751631759,FCN1;LRP1;TIMD4;GAS6;TGM2,
GO_Biological_Process_2023,Cellular Response To Molecule Of Bacterial Origin (GO:0071219),11/117,0.0025445335567888,0.0251945968597382,0,0,2.912791018426569,17.40045406698603,CD86;CXCL10;CXCL9;CD80;SIRPA;LY96;LILRB1;CD14;PDCD1LG2;LILRB2;TNFRSF1B,
GO_Biological_Process_2023,Cellular Response To Lipid (GO:0071396),17/228,0.0026585258244595,0.0262275656791231,0,0,2.268995791916565,13.45510763292451,RET;CD86;CXCL9;CD80;LY96;LILRB1;PDCD1LG2;LILRB2;TNFRSF1B;CRHBP;CXCL10;SFRP1;ADAM15;SPP1;SIRPA;CD14;LCP1,metabolism
GO_Biological_Process_2023,Negative Regulation Of Proteolysis (GO:0045861),6/41,0.0027462930821023,0.0269952649700855,0,0,4.794526228488492,28.27573399926971,EFNA1;ECM1;PLAT;CST7;F2;TIMP4,
GO_Biological_Process_2023,Positive Regulation Of Apoptotic Process (GO:0043065),19/270,0.0029583442512452,0.0282593810439877,0,0,2.1336311558499728,12.424402080268958,TNFRSF12A;IGFBP3;GZMA;PCSK9;TNFRSF10B;LILRB1;TNFRSF10A;CTSV;CLU;SFRP4;SFRP1;LGALS1;ADAMTSL4;CTSL;SMPD1;TNFRSF8;MNDA;CTSD;TGM2,
GO_Biological_Process_2023,Regulation Of Blood Coagulation (GO:0030193),5/29,0.0029663905281292,0.0282593810439877,0,0,5.821557971014493,33.88385059538431,PROC;F12;PLAUR;APOE;F2,
GO_Biological_Process_2023,Regulation Of Lymphocyte Activation (GO:0051249),4/18,0.0029975742925892,0.0282593810439877,0,0,7.976431672524292,46.34268424347472,CD4;CLEC7A;LEP;CRTAM,immune
GO_Biological_Process_2023,Negative Regulation Of T Cell Receptor Signaling Pathway (GO:0050860),4/18,0.0029975742925892,0.0282593810439877,0,0,7.976431672524292,46.34268424347472,LGALS3;CEACAM1;THY1;LILRB4,immune
GO_Biological_Process_2023,Positive Regulation Of Focal Adhesion Assembly (GO:0051894),4/18,0.0029975742925892,0.0282593810439877,0,0,7.976431672524292,46.34268424347472,NELL1;SFRP1;THY1;VEGFA,
GO_Biological_Process_2023,Positive Regulation Of Neuroblast Proliferation (GO:0002052),4/18,0.0029975742925892,0.0282593810439877,0,0,7.976431672524292,46.34268424347472,VCAN;NCAN;CX3CL1;VEGFA,neurological signaling
GO_Biological_Process_2023,Regulation Of T Cell Cytokine Production (GO:0002724),4/18,0.0029975742925892,0.0282593810439877,0,0,7.976431672524292,46.34268424347472,HLA-A;CLC;TNFRSF1B;LILRB4,immune
GO_Biological_Process_2023,High-Density Lipoprotein Particle Assembly (GO:0034380),3/9,0.0029998900629076,0.0282593810439877,0,0,13.94436416184971,81.00531633550877,APOM;APOA1;APOE,metabolism
GO_Biological_Process_2023,Negative Regulation Of Humoral Immune Response Mediated By Circulating Immunoglobulin (GO:0002924),3/9,0.0029998900629076,0.0282593810439877,0,0,13.94436416184971,81.00531633550877,CR2;CR1;C4BPB,immune
GO_Biological_Process_2023,Negative Regulation Of Leukocyte Migration (GO:0002686),3/9,0.0029998900629076,0.0282593810439877,0,0,13.94436416184971,81.00531633550877,CD200R1;CD300A;SLAMF8,immune
GO_Biological_Process_2023,Neuron Remodeling (GO:0016322),3/9,0.0029998900629076,0.0282593810439877,0,0,13.94436416184971,81.00531633550877,C3;C1QA;CX3CL1,neurological signaling
GO_Biological_Process_2023,"Regulation Of CD8-positive, Alpha-Beta T Cell Activation (GO:2001185)",3/9,0.0029998900629076,0.0282593810439877,0,0,13.94436416184971,81.00531633550877,CRTAM;LILRB1;HLA-A,immune
GO_Biological_Process_2023,Branching Morphogenesis Of An Epithelial Tube (GO:0048754),6/42,0.0031115497164469,0.0290090528547095,0,0,4.661103047895501,26.906843683397103,NELL1;COL4A1;TIE1;GDF2;MET;VEGFA,
GO_Biological_Process_2023,Collagen Fibril Organization (GO:0030199),6/42,0.0031115497164469,0.0290090528547095,0,0,4.661103047895501,26.906843683397103,COL1A1;COL18A1;COL3A1;COL5A1;SERPINF2;DPT,
GO_Biological_Process_2023,Positive Regulation Of Calcium Ion Transmembrane Transport (GO:1904427),6/42,0.0031115497164469,0.0290090528547095,0,0,4.661103047895501,26.906843683397103,CXCL10;CXCL9;PLA2G1B;THY1;F2;CX3CL1,
GO_Biological_Process_2023,Myeloid Leukocyte Differentiation (GO:0002573),8/71,0.0031575829909789,0.0293374063511161,0,0,3.5566645872322726,20.479091241672467,IL1RL1;CSF3;CD4;IL15;PRTN3;CCL19;OSCAR;VEGFA,immune
GO_Biological_Process_2023,Regulation Of GTPase Activity (GO:0043087),16/214,0.0034048342217225,0.0312847796032501,0,0,2.2739322533136965,12.921754253501538,CCL14;CCL25;RTN4R;CCL24;NTRK2;CCL21;THY1;CX3CL1;SFRP1;KLRK1;CCL8;CCL4;PRTN3;CCL19;CCL18;TGM2,
GO_Biological_Process_2023,Negative Regulation Of Cell Adhesion (GO:0007162),8/72,0.0034466525223477,0.0312847796032501,0,0,3.500909752547307,19.85138992520719,CD164;NOTCH1;ERBB3;PODXL;SPOCK1;PLG;TGFBI;CX3CL1,
GO_Biological_Process_2023,Artery Morphogenesis (GO:0048844),5/30,0.0034594301072521,0.0312847796032501,0,0,5.58840579710145,31.66754760301462,NELL1;NOTCH1;LRP1;ANGPTL3;VEGFA,
GO_Biological_Process_2023,Regulation Of Vasculature Development (GO:1901342),5/30,0.0034594301072521,0.0312847796032501,0,0,5.58840579710145,31.66754760301462,EGLN1;SFRP1;BMPER;GPNMB;LEP,
GO_Biological_Process_2023,Negative Regulation Of Interleukin-1 Production (GO:0032692),5/30,0.0034594301072521,0.0312847796032501,0,0,5.58840579710145,31.66754760301462,CEACAM1;GAS6;LILRB4;CX3CL1;CD33,immune
GO_Biological_Process_2023,Negative Regulation Of Peptidyl-Tyrosine Phosphorylation (GO:0050732),5/30,0.0034594301072521,0.0312847796032501,0,0,5.58840579710145,31.66754760301462,SFRP1;CD300A;NTF3;THY1;LILRB4,
GO_Biological_Process_2023,"Phagocytosis, Engulfment (GO:0006911)",5/30,0.0034594301072521,0.0312847796032501,0,0,5.58840579710145,31.66754760301462,MSR1;MARCO;ITGAM;TIMD4;HAVCR1,
GO_Biological_Process_2023,Positive Regulation Of Lipid Kinase Activity (GO:0090218),5/30,0.0034594301072521,0.0312847796032501,0,0,5.58840579710145,31.66754760301462,PDGFRA;FLT1;CCL21;CCL19;F2,metabolism
GO_Biological_Process_2023,Positive Regulation Of Interleukin-1 Beta Production (GO:0032731),7/57,0.003471312579247,0.0312879436129477,0,0,3.918168604651163,22.18946056787784,ORM1;CLEC7A;MNDA;LCP1;CCL19;AZU1;LILRA2,immune
GO_Biological_Process_2023,Regulation Of Primary Metabolic Process (GO:0080090),6/43,0.0035118520125063,0.0315485248673169,0,0,4.534891931118346,25.62944848554888,SERPINA3;PSAPL1;PSAP;ADGRF5;APOE;CNDP1,
GO_Biological_Process_2023,Regulation Of Smooth Muscle Cell Migration (GO:0014910),4/19,0.0036937151354817,0.0330727695134061,0,0,7.444283646888567,41.696344747406165,NELL1;LRP1;IGFBP3;S100A11,
GO_Biological_Process_2023,Bone Development (GO:0060348),6/44,0.0039491873299501,0.0350135464907018,0,0,4.415323504697884,24.43548406246666,GH1;SFRP4;OGN;GNAS;STC1;TGM2,
GO_Biological_Process_2023,Negative Regulation Of Immune System Process (GO:0002683),6/44,0.0039491873299501,0.0350135464907018,0,0,4.415323504697884,24.43548406246666,FCRLB;COL3A1;LILRB2;LILRA2;IL17D;LILRB4,immune
GO_Biological_Process_2023,Neural Crest Cell Development (GO:0014032),6/44,0.0039491873299501,0.0350135464907018,0,0,4.415323504697884,24.43548406246666,NELL1;CDH2;TCOF1;PDCD6;SEMA3G;SEMA3F,immune
GO_Biological_Process_2023,Cellular Response To Lipopolysaccharide (GO:0071222),11/124,0.0039921211603394,0.0350822934298377,0,0,2.731356414635409,15.08646298144122,CD86;CXCL10;CXCL9;CD80;SIRPA;LY96;LILRB1;CD14;PDCD1LG2;LILRB2;TNFRSF1B,
GO_Biological_Process_2023,Triglyceride Homeostasis (GO:0070328),5/31,0.0040086660387945,0.0350822934298377,0,0,5.3731884057971016,29.656221314181405,ANGPTL3;APOA1;APOE;LCP1;GPIHBP1,
GO_Biological_Process_2023,Negative Regulation Of Chemotaxis (GO:0050922),5/31,0.0040086660387945,0.0350822934298377,0,0,5.3731884057971016,29.656221314181405,ROBO2;NOTCH1;ANGPT2;SEMA3G;SEMA3F,
GO_Biological_Process_2023,Receptor Signaling Pathway Via STAT (GO:0097696),5/31,0.0040086660387945,0.0350822934298377,0,0,5.3731884057971016,29.656221314181405,GH1;THPO;CSF2RB;CSF2RA;IFNAR1,
GO_Biological_Process_2023,Negative Regulation Of Neuron Apoptotic Process (GO:0043524),8/74,0.0040859766682072,0.0356231767120401,0,0,3.3944687045123727,18.670238074480952,NTRK2;ERBB3;NTF3;APOE;IL6ST;SOD2;CLU;CX3CL1,neurological signaling
GO_Biological_Process_2023,Basement Membrane Organization (GO:0071711),3/10,0.0041755142625981,0.0356231767120401,0,0,11.951692815854663,65.47756125326694,FLRT2;COL4A1;NID1,
GO_Biological_Process_2023,Response To Prostaglandin E (GO:0034695),3/10,0.0041755142625981,0.0356231767120401,0,0,11.951692815854663,65.47756125326694,SFRP1;CCL21;CCL19,
GO_Biological_Process_2023,Negative Regulation Of B Cell Proliferation (GO:0030889),3/10,0.0041755142625981,0.0356231767120401,0,0,11.951692815854663,65.47756125326694,TNFRSF13B;CD300A;MNDA,immune
GO_Biological_Process_2023,Negative Regulation Of Activated T Cell Proliferation (GO:0046007),3/10,0.0041755142625981,0.0356231767120401,0,0,11.951692815854663,65.47756125326694,CRTAM;PDCD1LG2;LILRB4,immune
GO_Biological_Process_2023,Positive Regulation Of Cholesterol Metabolic Process (GO:0090205),3/10,0.0041755142625981,0.0356231767120401,0,0,11.951692815854663,65.47756125326694,APOA1;APOE;CES1,metabolism
GO_Biological_Process_2023,Positive Regulation Of Lipid Localization (GO:1905954),3/10,0.0041755142625981,0.0356231767120401,0,0,11.951692815854663,65.47756125326694,C3;LRP1;LCP1,metabolism
GO_Biological_Process_2023,Receptor-Mediated Endocytosis Of Virus By Host Cell (GO:0019065),3/10,0.0041755142625981,0.0356231767120401,0,0,11.951692815854663,65.47756125326694,CLEC4M;CTSL;SIGLEC1,immune
GO_Biological_Process_2023,Positive Regulation Of Proteolysis (GO:0045862),7/59,0.0042204262575434,0.0358934684536532,0,0,3.767078488372093,20.59770388749532,CTSL;FURIN;CTSV;APOE;PRSS22;TNFRSF1B;CTSC,
GO_Biological_Process_2023,Leukotriene Metabolic Process (GO:0006691),4/20,0.0044917945559997,0.037845461585178,0,0,6.978654124457308,37.72313565694349,CPA1;PLA2G1B;PTGR1;GGT1,
GO_Biological_Process_2023,Negative Regulation Of B Cell Activation (GO:0050869),4/20,0.0044917945559997,0.037845461585178,0,0,6.978654124457308,37.72313565694349,SFRP1;TNFRSF13B;CD300A;MNDA,immune
GO_Biological_Process_2023,Pulmonary Valve Development (GO:0003177),4/20,0.0044917945559997,0.037845461585178,0,0,6.978654124457308,37.72313565694349,NOTCH2;ROBO2;NOTCH1;TNFRSF1B,
GO_Biological_Process_2023,Regulation Of Cholesterol Efflux (GO:0010874),5/32,0.0046174810114664,0.0386642777287295,0,0,5.173913043478261,27.82481778371393,LRP1;PON1;APOA1;APOE;CES1,metabolism
GO_Biological_Process_2023,Regulation Of Natural Killer Cell Mediated Cytotoxicity (GO:0042269),5/32,0.0046174810114664,0.0386642777287295,0,0,5.173913043478261,27.82481778371393,KLRK1;LEP;CRTAM;LILRB1;PVR,
GO_Biological_Process_2023,Positive Regulation Of Interleukin-6 Production (GO:0032755),8/76,0.004813001064661,0.040177451964386,0,0,3.29428889459714,17.579756802885374,CLEC7A;LEP;IL16;LCP1;LILRB2;MMP8;LILRA2;IL17D,immune
GO_Biological_Process_2023,Regulation Of Cytokine Production Involved In Inflammatory Response (GO:1900015),6/46,0.0049429676752235,0.0411358015425816,0,0,4.194121915820029,22.269904024596087,CLEC7A;LEP;SIRPA;F2;IL17D;LILRB4,immune
GO_Biological_Process_2023,Regulation Of Cold-Induced Thermogenesis (GO:0120161),12/146,0.0050169353066475,0.0415643442181968,0,0,2.5136251393107667,13.309484312006514,IL4R;NOTCH1;FABP4;IL15;LAMA4;LEP;LEPR;GNAS;OXT;IL18R1;FGF21;VEGFA,heat adaptation
GO_Biological_Process_2023,Positive Regulation Of Protein Kinase B Signaling (GO:0051897),9/93,0.0050251031712379,0.0415643442181968,0,0,3.002030403998334,15.890675437328635,RET;CSF3;THPO;CCL21;LEP;CHI3L1;CCL19;GAS6;CX3CL1,
GO_Biological_Process_2023,Nervous System Development (GO:0007399),26/433,0.0050726696396295,0.0418302514660026,0,0,1.8045489435623965,9.535034587379416,NOTCH2;ROBO2;PCSK9;CAPG;CDH2;ERBB3;SLITRK1;SMPD1;NTF3;BOC;SPOCK1;NRCAM;NPTX1;CDON;MOG;MAMDC2;APLP1;CRIM1;VEGFA;NELL1;FGF19;TPP1;SERPINI1;LRCH4;SCRG1;MET,
GO_Biological_Process_2023,Negative Regulation Of Endocytosis (GO:0045806),5/33,0.0052892267625345,0.0433524840083267,0,0,4.988871635610766,26.15208025508687,LGALS3;APOC1;SIRPA;LILRB1;PRTN3,
GO_Biological_Process_2023,Positive Regulation Of Release Of Sequestered Calcium Ion Into Cytosol (GO:0051281),5/33,0.0052892267625345,0.0433524840083267,0,0,4.988871635610766,26.15208025508687,CXCL10;CXCL9;THY1;F2;CX3CL1,
GO_Biological_Process_2023,Regulation Of Membrane Protein Ectodomain Proteolysis (GO:0051043),4/21,0.0053982401666618,0.0439802569734341,0,0,6.567804545841492,34.29498857342347,FURIN;APOE;TNFRSF1B;TIMP4,
GO_Biological_Process_2023,Macrophage Differentiation (GO:0030225),4/21,0.0053982401666618,0.0439802569734341,0,0,6.567804545841492,34.29498857342347,IL1RL1;CD4;IL15;VEGFA,
GO_Biological_Process_2023,Negative Regulation Of Hydrolase Activity (GO:0051346),6/47,0.0055034335969763,0.0446382266088579,0,0,4.091613862437608,21.286142773552545,EGLN1;ECM1;KLRK1;NOS1;CST7;SLC39A14,
GO_Biological_Process_2023,AMP Metabolic Process (GO:0046033),3/11,0.0055941751002623,0.0446382266088579,0,0,10.457189306358382,54.23129100899275,NT5E;NT5C1A;AMPD3,
GO_Biological_Process_2023,Response To Nitric Oxide (GO:0071731),3/11,0.0055941751002623,0.0446382266088579,0,0,10.457189306358382,54.23129100899275,EGLN1;DPEP1;CCL19,
GO_Biological_Process_2023,Ganglion Development (GO:0061548),3/11,0.0055941751002623,0.0446382266088579,0,0,10.457189306358382,54.23129100899275,NELL2;NELL1;SEMA3F,
GO_Biological_Process_2023,Nucleoside Phosphate Catabolic Process (GO:1901292),3/11,0.0055941751002623,0.0446382266088579,0,0,10.457189306358382,54.23129100899275,ENTPD2;ENTPD6;SMPDL3A,
GO_Biological_Process_2023,Phospholipid Efflux (GO:0033700),3/11,0.0055941751002623,0.0446382266088579,0,0,10.457189306358382,54.23129100899275,APOC1;APOA1;APOE,metabolism
GO_Biological_Process_2023,Regulation Of T Cell Mediated Immunity (GO:0002709),3/11,0.0055941751002623,0.0446382266088579,0,0,10.457189306358382,54.23129100899275,CD80;CLC;TNFRSF1B,immune
GO_Biological_Process_2023,Regulation Of Cytokine Production (GO:0001817),13/167,0.0056470260257538,0.0449278053016721,0,0,2.3704440720569755,12.270902982740909,ZBTB17;MOG;IL15;CRTAM;SFTPD;TNFRSF1B;CLEC4A;GPNMB;CLEC6A;LEP;S100A13;SIRPA;ERMAP,immune
GO_Biological_Process_2023,Transmembrane Receptor Protein Serine/Threonine Kinase Signaling Pathway (GO:0007178),11/130,0.0056984933118026,0.0452047144880722,0,0,2.592830114501941,13.39858825621208,BMP10;COL3A1;WFIKKN2;GDF2;APOA1;LTBP2;FURIN;PTPRK;INHBC;LEFTY2;RGMA,
GO_Biological_Process_2023,Semaphorin-Plexin Signaling Pathway (GO:0071526),5/34,0.0060272120972844,0.0475343791277112,0,0,4.816591704147927,24.619867436630173,NELL2;NELL1;SEMA3G;SEMA3F;MET,
GO_Biological_Process_2023,Regulation Of T Cell Receptor Signaling Pathway (GO:0050856),5/34,0.0060272120972844,0.0475343791277112,0,0,4.816591704147927,24.619867436630173,LGALS3;CEACAM1;CD300A;THY1;LILRB4,immune
KEGG_2021_Human,Complement and coagulation cascades,38/85,5.9689158082180194e-33,1.5280424469038131e-30,0,0,23.699083519544025,1758.4422018223552,CFD;C1QA;CPB2;ITGAM;C1S;CFH;C1R;SERPINC1;PROS1;CFI;PLAT;PLG;C4BPB;CLU;C2;C3;C7;C9;VSIG4;FGA;CR2;CR1;VWF;F12;SERPINF2;F11;PLAUR;F2;F9;PROC;CFHR2;CFHR4;SERPING1;CFHR5;F13B;MASP1;KLKB1;CFB,immune
KEGG_2021_Human,Cytokine-cytokine receptor interaction,57/295,1.519936145111731e-26,1.945518265743016e-24,0,0,7.157470825320724,425.5012199581952,IL22;IL1RN;CSF3;BMP10;CXCL9;CSF3R;TNFRSF13B;IL1RAP;CX3CL1;CXCL16;IL18RAP;LEPR;TNFRSF8;IL13RA1;IL4R;TNFRSF12A;IL1R1;IL15;IFNGR2;IL19;IL16;LIFR;OSMR;TNFRSF1B;LTA;IL6ST;IFNAR1;CCL14;CSF2RB;CSF2RA;IL1RL1;CCL8;THPO;CCL4;TNFRSF17;CCL19;CCL18;RELT;CCL25;IL32;CCL24;CCL21;CD70;GDF2;TNFRSF10B;TNFRSF10A;INHBC;CXCL10;GH1;CD4;IL2RA;LEP;CD27;TNFSF8;IL17D;CCL27;IL18R1,immune
KEGG_2021_Human,Viral protein interaction with cytokine and cytokine receptor,21/100,2.6311513964560263e-11,2.2452491916424757e-09,0,0,7.582654096082335,184.72114622557163,CCL14;CCL25;CCL24;CXCL9;CCL21;TNFRSF10B;IL19;TNFRSF10A;TNFRSF1B;CX3CL1;CXCL10;IL18RAP;CCL8;IL2RA;CCL4;LTA;CCL19;IL6ST;CCL18;CCL27;IL18R1,immune
KEGG_2021_Human,Hematopoietic cell lineage,20/99,1.6404577469759847e-10,1.0498929580646302e-08,0,0,7.210876699484294,162.46736597704668,CSF3;CR2;CSF3R;IL4R;ITGAM;CR1;TFRC;MME;IL1R1;CD1C;CSF2RA;FCER2;CD4;THPO;CD8A;IL2RA;CD38;CD14;CD22;CD33,
KEGG_2021_Human,PI3K-Akt signaling pathway,39/354,2.1222569456992166e-10,1.0865955561979992e-08,0,0,3.5840592334494774,79.82908031345296,CSF3;CSF3R;FLT1;FLT4;LAMA4;TNC;TGFA;THBS4;TCL1A;ERBB3;TNN;NTF3;CHAD;SPP1;EIF4EBP1;TNR;ITGB6;FGF23;FGF21;PDGFRA;NTRK2;IL4R;ANGPT2;VWF;HGF;VEGFB;VEGFD;LAMB1;OSMR;VEGFA;COL1A1;EFNA1;GH1;COL4A1;FGF19;IL2RA;COL9A1;MET;IFNAR1,
KEGG_2021_Human,Lysosome,21/128,3.1801920592646683e-09,1.3568819452862588e-07,0,0,5.590254860090408,109.38073921021076,ARSA;CD164;PSAPL1;IDUA;CTSV;IGF2R;SGSH;CTSO;CTSL;HYAL1;SMPD1;LAMP2;PSAP;ACP5;IDS;TPP1;CTSF;CTSE;CTSD;GLA;CTSC,
KEGG_2021_Human,Staphylococcus aureus infection,17/95,2.6424395182134284e-08,9.663778809466252e-07,0,0,6.180678466076696,107.84652377588765,CFD;C1QA;ITGAM;SELPLG;C1S;CFH;C1R;CFI;PLG;FCAR;ICAM1;C2;C3;KRT19;FCGR2A;MASP1;CFB,
KEGG_2021_Human,Phagosome,21/152,7.16140445076205e-08,2.291649424243856e-06,0,0,4.5603778286180265,75.0272203390641,MSR1;ITGAM;CLEC4M;TFRC;NCF2;C1R;SFTPD;HLA-A;MPO;FCAR;THBS4;C3;MARCO;FCGR2A;CLEC7A;CD209;CTSL;LAMP2;MRC1;CD14;NOS1,
KEGG_2021_Human,Cell adhesion molecules,20/148,2.114292499367819e-07,5.540315278681519e-06,0,0,4.439120370370371,68.22650746279226,CD86;ITGAM;SELPLG;CD80;HLA-A;PDCD1LG2;PVR;SELE;ICAM1;VCAN;CD4;CDH2;SELL;CD8A;CNTN2;SDC1;NRCAM;NCAM1;SIGLEC1;CD22,
KEGG_2021_Human,JAK-STAT signaling pathway,21/162,2.1641856557349682e-07,5.540315278681519e-06,0,0,4.234737041479892,64.98649273089832,PDGFRA;IL22;CSF3;CSF3R;IL4R;IL15;IFNGR2;IL19;LIFR;CSF2RB;OSMR;CSF2RA;GH1;THPO;IL2RA;LEP;LEPR;IL6ST;IL17D;IL13RA1;IFNAR1,
KEGG_2021_Human,ECM-receptor interaction,15/88,3.3707265923191174e-07,7.844600069397219e-06,0,0,5.811442385173248,86.6077359704081,VWF;LAMA4;TNC;DMP1;LAMB1;THBS4;COL1A1;TNN;COL4A1;CHAD;SPP1;COL9A1;TNR;SDC1;ITGB6,
KEGG_2021_Human,Protein digestion and absorption,16/103,5.127416819209875e-07,1.09384892143144e-05,0,0,5.205220659184399,75.38978042978479,CPA2;COL18A1;CPA1;CPB2;COL15A1;COL24A1;MME;PGA4;COL1A1;ACE2;COL3A1;COL5A1;COL4A1;XPNPEP2;COL9A1;PRSS2,
KEGG_2021_Human,Osteoclast differentiation,17/127,1.95219313718837e-06,3.844318793232483e-05,0,0,4.375368731563422,57.521035001473074,LILRA6;NCF2;IL1R1;IFNGR2;LILRB1;LILRB2;LILRA2;LILRA3;LILRB4;SIRPB1;LILRB5;OSCAR;LILRA5;FCGR2A;SIRPA;ACP5;IFNAR1,
KEGG_2021_Human,Malaria,10/50,7.0265363915190575e-06,0.0001265836737184,0,0,7.031021897810219,83.42881679462417,CSF3;CR1;KLRK1;LRP1;HGF;SDC1;MET;SELE;THBS4;ICAM1,
KEGG_2021_Human,Focal adhesion,21/201,7.417012131938931e-06,0.0001265836737184,0,0,3.310459940652819,39.1022730957697,PDGFRA;FLT1;VWF;HGF;FLT4;LAMA4;VEGFB;TNC;VEGFD;LAMB1;THBS4;VEGFA;COL1A1;TNN;COL4A1;CHAD;COL9A1;SPP1;TNR;ITGB6;MET,
KEGG_2021_Human,Fat digestion and absorption,9/43,1.371009629507507e-05,0.0002193615407212,0,0,7.436074429771908,83.26453652896787,PNLIPRP1;LIPF;FABP1;PNLIPRP2;FABP2;CLPS;PLA2G1B;PLA2G2A;APOA1,
KEGG_2021_Human,B cell receptor signaling pathway,11/81,0.0001093705669411,0.0016469920668779,0,0,4.41906850459482,40.30530189842175,LILRA6;CD79B;CR2;LILRB1;LILRB2;LILRA2;LILRA3;LILRB4;LILRB5;CD22;LILRA5,immune
KEGG_2021_Human,Coronavirus disease,20/232,0.0001841474972814,0.0026189866280033,0,0,2.66848357791754,22.94835437408372,CFD;C1QA;FGA;CSF3;VWF;C1S;C1R;F2;C2;C3;ACE2;CXCL10;FCGR2A;C7;C9;F13B;MASP1;IL6ST;CFB;IFNAR1,
KEGG_2021_Human,Pancreatic secretion,12/102,0.0002183761027357,0.0029423306473864,0,0,3.751098096632504,31.61910020108097,PNLIPRP1;CPA2;PNLIPRP2;CPA1;CPB2;AMY2A;AMY2B;PLA2G1B;PLA2G2A;GNAS;CD38;PRSS2,
KEGG_2021_Human,Pertussis,10/76,0.000290036972234,0.003674279848915,0,0,4.255474452554744,34.66297631382166,C3;C1QA;ITGAM;C1S;C1R;SERPING1;LY96;C4BPB;CD14;C2,
KEGG_2021_Human,Cholesterol metabolism,8/50,0.0003014057688563,0.003674279848915,0,0,5.340819297151175,43.29830580910672,LRP1;APOC1;ANGPTL3;PCSK9;APOA1;LCAT;APOE;LPA,metabolism
KEGG_2021_Human,Pathways in cancer,34/531,0.0004910147350185,0.0057136260074887,0,0,1.9465415792790024,14.83077118634758,RET;NOTCH2;CSF3R;NOTCH1;FLT4;LAMA4;TGFA;CSF2RB;CSF2RA;TPR;GSTT2B;FGF23;IL13RA1;FGF21;EGLN1;ZBTB17;PDGFRA;IL4R;IL15;IFNGR2;HGF;VEGFB;VEGFD;LAMB1;F2;VEGFA;COL4A1;IL2RA;FGF19;GSTA1;GNAS;IL6ST;MET;IFNAR1,
KEGG_2021_Human,Type I diabetes mellitus,7/43,0.0006430264038829,0.0071571634519144,0,0,5.445857558139535,40.02337585130812,CD86;PTPRN2;CD80;LTA;GZMB;CPE;HLA-A,
KEGG_2021_Human,Calcium signaling pathway,19/240,0.0007596638567682,0.0081030811388618,0,0,2.427079707622694,17.432826481662033,RET;PDGFRA;NTRK2;FLT1;HGF;FLT4;MST1;VEGFB;VEGFD;VEGFA;ERBB3;FGF19;HRC;GNAS;CD38;NOS1;FGF23;MET;FGF21,
KEGG_2021_Human,Amoebiasis,11/102,0.0008331826252566,0.0085317900826276,0,0,3.395572263993317,24.075482396876662,COL1A1;COL3A1;ITGAM;IL1R1;COL4A1;C9;LAMA4;GNAS;LAMB1;CD14;CD1C,
KEGG_2021_Human,Vitamin digestion and absorption,5/24,0.0012252038340665,0.0120635454431163,0,0,7.355453852021358,49.31572935282372,RBP2;TCN2;CBLIF;APOA1;PLB1,
KEGG_2021_Human,Ras signaling pathway,18/232,0.0013001592977372,0.0123274363044721,0,0,2.371912919836,15.76199817606364,PDGFRA;NTRK2;FLT1;ANGPT2;PLA2G1B;HGF;FLT4;PLA2G2A;VEGFB;TGFA;VEGFD;VEGFA;EFNA1;FGF19;NTF3;FGF23;MET;FGF21,
KEGG_2021_Human,MAPK signaling pathway,21/294,0.0015296767659377,0.0139856161457163,0,0,2.172106824925816,14.08111437256028,PDGFRA;NTRK2;PTPRR;FLT1;ANGPT2;IL1R1;HGF;FLT4;VEGFB;TGFA;VEGFD;IL1RAP;VEGFA;EFNA1;ERBB3;FGF19;NTF3;CD14;FGF23;MET;FGF21,
KEGG_2021_Human,African trypanosomiasis,6/37,0.0015967202403787,0.0140951855702397,0,0,5.414298422210778,34.86701848878772,LAMA4;APOA1;APOL1;SELE;THOP1;ICAM1,
KEGG_2021_Human,Nitrogen metabolism,4/17,0.0023966778020828,0.0204516505777736,0,0,8.590448625180898,51.83194718716016,CA1;CA3;CA5A;CA9,
KEGG_2021_Human,Rap1 signaling pathway,16/210,0.0028262371619681,0.0233392488214142,0,0,2.321303311419158,13.623285944082491,PDGFRA;FLT1;ITGAM;ANGPT2;HGF;FLT4;VEGFB;VEGFD;VEGFA;EFNA1;FGF19;GNAS;FGF23;MET;SKAP1;FGF21,
KEGG_2021_Human,Toll-like receptor signaling pathway,10/104,0.0033356957903347,0.0266855663226777,0,0,2.983537816431123,17.01533691486687,CD86;CXCL10;CXCL9;CD80;CCL4;SPP1;LY96;CD14;LBP;IFNAR1,
KEGG_2021_Human,Glycosaminoglycan degradation,4/19,0.0036937151354817,0.0286542749904041,0,0,7.444283646888567,41.696344747406165,IDUA;HYAL1;IDS;SGSH,
KEGG_2021_Human,Apoptosis,12/142,0.0040169728041422,0.0298599859210326,0,0,2.5915080527086385,14.29793740565106,CTSO;CTSL;TNFRSF10B;GZMB;CSF2RB;TNFRSF10A;CTSV;CTSF;CTSD;LMNB2;CTSC;LMNB1,
KEGG_2021_Human,Neuroactive ligand-receptor interaction,22/341,0.0041852438888198,0.0298599859210326,0,0,1.945585899472255,10.654398630196065,CALCB;GRP;GZMA;ADM;OXT;PLG;GRIK2;PTH1R;F2;MLN;SLURP1;C3;POMC;GH1;NPY;LEP;PENK;LEPR;CRH;CGA;PRSS2;TSHB,neurological signaling
KEGG_2021_Human,Tuberculosis,14/180,0.0041990605201452,0.0298599859210326,0,0,2.3702386639067283,12.97206606298752,ITGAM;CR1;CLEC4M;IFNGR2;LSP1;C3;FCGR2A;CLEC7A;CD209;LAMP2;MRC1;CD14;LBP;CTSD,
KEGG_2021_Human,Intestinal immune network for IgA production,6/48,0.0061089643896685,0.0422674292906794,0,0,3.993987144930541,20.361338534755912,CD86;CCL25;TNFRSF13B;IL15;CD80;TNFRSF17,immune
KEGG_2021_Human,Sphingolipid metabolism,6/49,0.0067615638047539,0.0455515877372894,0,0,3.9009012049819423,19.490857097772064,ARSA;PSAPL1;SMPD1;PSAP;GLA;ENPP7,metabolism
KEGG_2021_Human,Renin-angiotensin system,4/23,0.0075604443095765,0.0496275318782463,0,0,5.875847360804326,28.702487961043246,ACE2;MME;REN;THOP1,
