MM,GS,score,symbol,name,module
0.8441420616530265,0.7866375642824673,0.6640338552871171,EFCAB14,EF-hand calcium binding domain 14,impute · PT1_PT2_dimgrey
0.8676314653107129,0.753896330023216,0.6541041775104117,CLEC14A,C-type lectin domain containing 14A,impute · PT1_PT2_dimgrey
0.8259552899723219,0.7084937229705279,0.5851841383996923,TNFRSF19,TNF receptor superfamily member 19,impute · PT1_PT2_dimgrey
0.9139873262209948,0.6302708077481622,0.5760595303688895,LAYN,layilin,impute · PT1_PT2_dimgrey
0.8053588661982549,0.7108202584111311,0.5724653973847391,TNFRSF1A,TNF receptor superfamily member 1A,impute · PT1_PT2_dimgrey
0.8331790752840058,0.680582956282255,0.5670474781693041,SCARF2,scavenger receptor class F member 2,impute · PT1_PT2_dimgrey
0.7752113095645818,0.7159598309798655,0.5550201581695382,EDN1,endothelin 1,impute · PT1_PT2_dimgrey
0.8413841680640533,0.6377495894812761,0.536592407778895,NECTIN2,nectin cell adhesion molecule 2,impute · PT1_PT2_dimgrey
0.7884863926545339,0.6789490440739859,0.5353420825581413,FAM3C,FAM3 metabolism regulating signaling molecule C,impute · PT1_PT2_dimgrey
0.792069969890051,0.6649395955015995,0.5266786853876546,HSPG2,heparan sulfate proteoglycan 2,impute · PT1_PT2_dimgrey
0.8707034717628324,0.6017957011288557,0.5239856062648425,APOA4,apolipoprotein A4,impute · PT1_PT2_dimgrey
0.754631065488614,0.6906273443121733,0.5211688486938673,CCL16,C-C motif chemokine ligand 16,impute · PT1_PT2_dimgrey
0.7691606415951762,0.6677490174975925,0.5136062627229968,SHISA5,shisa family member 5,impute · PT1_PT2_dimgrey
0.8781955153125689,0.5821202927671518,0.5112154304805524,CDH1,cadherin 1,impute · PT1_PT2_dimgrey
0.811486993938895,0.6240633374278375,0.5064192817167902,PIK3IP1,phosphoinositide-3-kinase interacting protein 1,impute · PT1_PT2_dimgrey
0.9179070678290671,0.5493345566084469,0.5042380721136401,NPC2,NPC intracellular cholesterol transporter 2,impute · PT1_PT2_dimgrey
0.7887230529560078,0.6382593093839943,0.5034098310749371,CST3,cystatin C,impute · PT1_PT2_dimgrey
0.7071168839778113,0.6710407212455749,0.47450422382939395,HIP1R,huntingtin interacting protein 1 related,impute · PT1_PT2_dimgrey
0.8894849579428068,0.5299080746369067,0.4713452614819627,TNFRSF14,TNF receptor superfamily member 14,impute · PT1_PT2_dimgrey
0.7497658034856631,0.6105466143922921,0.4577669729052882,ADAM22,ADAM metallopeptidase domain 22,impute · PT1_PT2_dimgrey
0.8041141373143617,0.5671045914394427,0.456016819312341,ESAM,endothelial cell adhesion molecule,impute · PT1_PT2_dimgrey
0.7789994026907158,0.5848869126080422,0.4556265555632817,FSTL3,follistatin like 3,impute · PT1_PT2_dimgrey
0.8316015707088211,0.5468683596357712,0.4547765868440638,WARS,,impute · PT1_PT2_dimgrey
0.7156410264465269,0.6315697817545919,0.45197724688746516,KAZALD1,Kazal type serine peptidase inhibitor domain 1,impute · PT1_PT2_dimgrey
0.8344443749678254,0.5238671993804161,0.43713803775313653,JAM2,junctional adhesion molecule 2,impute · PT1_PT2_dimgrey
0.7651203669133373,0.5552568402515876,0.424838317344435,COLEC12,collectin subfamily member 12,impute · PT1_PT2_dimgrey
0.7455484607386191,0.5466874496296165,0.4075819865764819,REG1A,regenerating family member 1 alpha,impute · PT1_PT2_dimgrey
0.9262339636046479,0.6323245441918594,0.5856804688513283,AP3B1,adaptor related protein complex 3 subunit beta 1,impute · PR2_PT2_black
0.9129058743429969,0.6373208921476061,0.5818139862830691,MESD,mesoderm development LRP chaperone,impute · PR2_PT2_black
0.9632112539414742,0.5929631393488296,0.5711487689932593,ABL1,"ABL proto-oncogene 1, non-receptor tyrosine kinase",impute · PR2_PT2_black
0.909759182184364,0.6228033224989111,0.5666010413383141,TRIAP1,TP53 regulated inhibitor of apoptosis 1,impute · PR2_PT2_black
0.9618217925852499,0.5873136591797339,0.5648910764820542,HDGFL2,HDGF like 2,impute · PR2_PT2_black
0.9292628899305511,0.6052514234449526,0.5624376868850364,GFER,"growth factor, augmenter of liver regeneration",impute · PR2_PT2_black
0.947510671432886,0.5891728411394885,0.5582475542980979,CIRBP,cold inducible RNA binding protein,impute · PR2_PT2_black
0.9440935674474386,0.5913035218793221,0.5582458514152837,SERPINB6,serpin family B member 6,impute · PR2_PT2_black
0.7641962853181832,0.7236022705066152,0.5529741671689584,TXNRD1,thioredoxin reductase 1,impute · PR2_PT2_black
0.9507834875880391,0.5806520800118362,0.5520744097089028,CC2D1A,coiled-coil and C2 domain containing 1A,impute · PR2_PT2_black
0.927467398411915,0.5915974057574275,0.5486873068250793,MYO9B,myosin IXB,impute · PR2_PT2_black
0.9176352530718707,0.5969591705247294,0.547790779518034,BIN2,bridging integrator 2,impute · PR2_PT2_black
0.9191614019903256,0.5860157859957853,0.5386430914443486,HARS1,histidyl-tRNA synthetase 1,impute · PR2_PT2_black
0.9657747667110511,0.5565319081712803,0.5374844737813743,SNAP29,synaptosome associated protein 29,impute · PR2_PT2_black
0.9642475389224181,0.5566381084685053,0.5367369261611862,YES1,"YES proto-oncogene 1, Src family tyrosine kinase",impute · PR2_PT2_black
0.9518257078370993,0.5638588922183481,0.5366953892059718,STX7,syntaxin 7,impute · PR2_PT2_black
0.9408291799397013,0.5699287838001935,0.5362056302867674,MYDGF,myeloid derived growth factor,impute · PR2_PT2_black
0.9261021184599172,0.577900942606115,0.5351952872075061,FAM172A,,impute · PR2_PT2_black
0.8623207066080707,0.620342822495004,0.5349344610331369,OXCT1,3-oxoacid CoA-transferase 1,impute · PR2_PT2_black
0.9368065938060464,0.5694006099521829,0.5334182459203897,DUT,deoxyuridine triphosphatase,impute · PR2_PT2_black
0.8142219190062376,0.6549998150086377,0.5333152063250637,L3HYPDH,trans-L-3-hydroxyproline dehydratase,impute · PR2_PT2_black
0.9487471234063957,0.5604954177130426,0.5317684152377152,CRKL,"CRK like proto-oncogene, adaptor protein",impute · PR2_PT2_black
0.9385214401114167,0.5664997420560619,0.5316721537372013,ARF6,ARF GTPase 6,impute · PR2_PT2_black
0.9469970373919617,0.5601817751763056,0.5304904814929314,ERP29,endoplasmic reticulum protein 29,impute · PR2_PT2_black
0.9427266020584525,0.562366476172497,0.5301578371936838,CMC1,C-X9-C motif containing 1,impute · PR2_PT2_black
0.9528196668740587,0.5560542326295383,0.529819408697987,TXNDC5,thioredoxin domain containing 5,impute · PR2_PT2_black
0.9538997987928862,0.5545936729618215,0.5290267930500893,EBAG9,estrogen receptor binding site associated antigen 9,impute · PR2_PT2_black
0.8214136787258899,0.6419697332885682,0.5273227202512412,PPCDC,phosphopantothenoylcysteine decarboxylase,impute · PR2_PT2_black
0.9150776267864393,0.5757397584146289,0.5268465717766565,HPCAL1,hippocalcin like 1,impute · PR2_PT2_black
0.9462570356342731,0.5565301983788359,0.5266206157589112,SNAP23,synaptosome associated protein 23,impute · PR2_PT2_black
0.8789676694171465,0.5990484472061597,0.5265442175087587,ASRGL1,asparaginase and isoaspartyl peptidase 1,impute · PR2_PT2_black
0.9687559412956841,0.5435028464588779,0.5265216116181539,FKBP5,FKBP prolyl isomerase 5,impute · PR2_PT2_black
0.9244432419392269,0.5692912945311231,0.5262774899241307,ATP5IF1,ATP synthase inhibitory factor subunit 1,impute · PR2_PT2_black
0.9239559590975251,0.5694204252352807,0.5261193951279843,PPIB,peptidylprolyl isomerase B,impute · PR2_PT2_black
0.9109883873177012,0.5773861511582301,0.5259920787032105,TOMM20,translocase of outer mitochondrial membrane 20,impute · PR2_PT2_black
0.8110748254564508,0.6475711883333326,0.5252286885480841,FIS1,"fission, mitochondrial 1",impute · PR2_PT2_black
0.9009224436662493,0.5823689283021154,0.5246692380012365,PLEKHO1,pleckstrin homology domain containing O1,impute · PR2_PT2_black
0.9250355879301789,0.566676945722609,0.5241963416529917,DNAJC6,DnaJ heat shock protein family (Hsp40) member C6,impute · PR2_PT2_black
0.9410625919003642,0.5569693292723301,0.5241430006140264,MARS1,methionyl-tRNA synthetase 1,impute · PR2_PT2_black
0.9504142777354896,0.5491415508302728,0.5219119704069004,DNAJB14,DnaJ heat shock protein family (Hsp40) member B14,impute · PR2_PT2_black
0.9474689228984692,0.5492613932483051,0.5204081006506842,TWF2,twinfilin actin binding protein 2,impute · PR2_PT2_black
0.9434675692206151,0.5512446552617638,0.5200814549456723,CEP170,centrosomal protein 170,impute · PR2_PT2_black
0.9735921218767108,0.5341385040493158,0.5200330395334255,PTPN1,protein tyrosine phosphatase non-receptor type 1,impute · PR2_PT2_black
0.9622269566290353,0.5386607764417778,0.518313919571005,MANF,mesencephalic astrocyte derived neurotrophic factor,impute · PR2_PT2_black
0.9615505027228952,0.5382676441632596,0.5175715238446507,TBCC,tubulin folding cofactor C,impute · PR2_PT2_black
0.9518005848749526,0.5434685552053636,0.5172736887056105,MSRA,methionine sulfoxide reductase A,impute · PR2_PT2_black
0.9049190477506148,0.5716156972068542,0.5172659323957303,STIP1,stress induced phosphoprotein 1,impute · PR2_PT2_black
0.9720989158189042,0.5300668008224031,0.515277362391053,NUDT5,nudix hydrolase 5,impute · PR2_PT2_black
0.8450638340696288,0.608763843268,0.5144443074350187,ARL2BP,ARF like GTPase 2 binding protein,impute · PR2_PT2_black
0.9244120163650715,0.5562572018910648,0.5142108416177118,ENO2,enolase 2,impute · PR2_PT2_black
0.9238308601913965,0.5565189732243766,0.5141294017467086,CRYZL1,crystallin zeta like 1,impute · PR2_PT2_black
0.9560854700341253,0.5376363850224446,0.5140263358816318,ERBIN,erbb2 interacting protein,impute · PR2_PT2_black
0.9132916087902058,0.5626583008497894,0.5138711047822677,PLA2G4A,phospholipase A2 group IVA,impute · PR2_PT2_black
0.92756861373594,0.5533644330890397,0.5132834800911749,MGLL,monoglyceride lipase,impute · PR2_PT2_black
0.926808838586926,0.5533612821026783,0.5128601271845556,HHEX,hematopoietically expressed homeobox,impute · PR2_PT2_black
0.9319779484857504,0.5502803442423646,0.5128491463190314,CDC42BPB,CDC42 binding protein kinase beta,impute · PR2_PT2_black
0.9372390630666609,0.5471513486320763,0.5128116173475871,VPS37A,VPS37A subunit of ESCRT-I,impute · PR2_PT2_black
0.9725793692821867,0.5266323525661636,0.5121917613023935,F11R,F11 receptor,impute · PR2_PT2_black
0.9094627220940876,0.5607716317409842,0.5100008946762987,PARK7,Parkinsonism associated deglycase,impute · PR2_PT2_black
0.9715538141052995,0.5238500378966208,0.5089485023376676,PMVK,phosphomevalonate kinase,impute · PR2_PT2_black
0.9008258571250993,0.5644634236731113,0.5084832474460986,PRKG1,protein kinase cGMP-dependent 1,impute · PR2_PT2_black
0.9556023077729073,0.5311572892447352,0.5075751313926705,METAP2,methionyl aminopeptidase 2,impute · PR2_PT2_black
0.9319531971660983,0.5440005645675132,0.5069830654088564,DIABLO,diablo IAP-binding mitochondrial protein,impute · PR2_PT2_black
0.9184147831060843,0.5514768786571125,0.5064845178998924,GRAP2,GRB2 related adaptor protein 2,impute · PR2_PT2_black
0.8804982131949131,0.5742852610662313,0.5056571462329909,AKR1B1,aldo-keto reductase family 1 member B,impute · PR2_PT2_black
0.933275663846469,0.5417882474444675,0.5056377862979504,DARS1,aspartyl-tRNA synthetase 1,impute · PR2_PT2_black
0.911997258131759,0.5539626393211308,0.5052124081683038,HTRA2,HtrA serine peptidase 2,impute · PR2_PT2_black
0.9585925306103187,0.5270270414913171,0.5052041854032311,MAVS,mitochondrial antiviral signaling protein,impute · PR2_PT2_black
0.9392758494400527,0.537517004719816,0.504876741196678,MTSS1,MTSS I-BAR domain containing 1,impute · PR2_PT2_black
0.8805462871885066,0.5731402814940341,0.5046765469077472,SCRIB,scribble planar cell polarity protein,impute · PR2_PT2_black
0.9268851239762705,0.5442852030695051,0.5044898579255278,LGALS8,galectin 8,impute · PR2_PT2_black
0.9452540716275281,0.5333527139139829,0.5041538244407845,MIF,macrophage migration inhibitory factor,impute · PR2_PT2_black
0.92304653449228,0.5448182058095552,0.5028925568008117,PPP1R12A,protein phosphatase 1 regulatory subunit 12A,impute · PR2_PT2_black
0.9282497916404366,0.5411774734731121,0.5023478769919142,UBE2L6,ubiquitin conjugating enzyme E2 L6,impute · PR2_PT2_black
0.9594920327700365,0.5231565841251016,0.5019645743592223,DNMBP,dynamin binding protein,impute · PR2_PT2_black
0.9370483449080256,0.5347423807426203,0.5010794628270495,NT5C,"5', 3'-nucleotidase, cytosolic",impute · PR2_PT2_black
0.9584127952132035,0.5226413736933033,0.5009061798554673,DBNL,drebrin like,impute · PR2_PT2_black
0.9164498267557454,0.5461140639109334,0.500486139260051,EHBP1,EH domain binding protein 1,impute · PR2_PT2_black
0.9013102729469191,0.5547765775041735,0.5000258284948442,MTIF3,mitochondrial translational initiation factor 3,impute · PR2_PT2_black
0.9028806867563631,0.5536477872249386,0.49987789435079333,ACOT13,acyl-CoA thioesterase 13,impute · PR2_PT2_black
0.9804239377517844,0.5093318791740988,0.49936116660238605,PDLIM5,PDZ and LIM domain 5,impute · PR2_PT2_black
0.9310349527567574,0.536314327561116,0.49932738462363574,ATG16L1,autophagy related 16 like 1,impute · PR2_PT2_black
0.9114584578845952,0.5471257661672952,0.4986824070997706,SARG,,impute · PR2_PT2_black
0.9538469534740173,0.5222854365692245,0.4981803725154019,CIAPIN1,cytokine induced apoptosis inhibitor 1,impute · PR2_PT2_black
0.921652103754269,0.5398169695781411,0.49752344565394796,RWDD1,RWD domain containing 1,impute · PR2_PT2_black
0.9616394550729297,0.5172951025483901,0.4974513805265291,GLOD4,glyoxalase domain containing 4,impute · PR2_PT2_black
0.8754727218484042,0.5680655038328579,0.4973258528287372,NFATC1,nuclear factor of activated T cells 1,impute · PR2_PT2_black
0.9291462296434031,0.5343221849576538,0.49646344356822913,MITD1,microtubule interacting and trafficking domain containing 1,impute · PR2_PT2_black
0.9668376215628136,0.5134137539921567,0.49638773278741233,SKAP2,src kinase associated phosphoprotein 2,impute · PR2_PT2_black
0.9563975594490555,0.5186151669339232,0.49600227994886864,MAP3K5,mitogen-activated protein kinase kinase kinase 5,impute · PR2_PT2_black
0.9190227168137782,0.5395946760636723,0.4958997651742867,ENO1,enolase 1,impute · PR2_PT2_black
0.9013491873886178,0.5499257045240014,0.49567508689682177,DBN1,drebrin 1,impute · PR2_PT2_black
0.8946479567709924,0.5538154056896106,0.4954698211285084,STK4,serine/threonine kinase 4,impute · PR2_PT2_black
0.9237130853962847,0.5359487840341878,0.49506290491460664,SERPINB1,serpin family B member 1,impute · PR2_PT2_black
0.9168048647024922,0.5394269266600054,0.49454923051340743,NFE2,"nuclear factor, erythroid 2",impute · PR2_PT2_black
0.7026522471208438,0.7033919939795413,0.4942399651765358,CDC26,cell division cycle 26,impute · PR2_PT2_black
0.9214466091333093,0.534753118119027,0.4927464474142415,ESYT2,extended synaptotagmin 2,impute · PR2_PT2_black
0.9701707088754928,0.5078402352583345,0.4926917210360755,CD69,CD69 molecule,impute · PR2_PT2_black
0.9339928750557827,0.5274716090681585,0.49265472466386917,DBI,"diazepam binding inhibitor, acyl-CoA binding protein",impute · PR2_PT2_black
0.9533270342394904,0.5162698071653262,0.49217396413231407,PRKAR2A,protein kinase cAMP-dependent type II regulatory subunit alpha,impute · PR2_PT2_black
0.9494650648031842,0.5183468468927479,0.4921522225755491,SRC,"SRC proto-oncogene, non-receptor tyrosine kinase",impute · PR2_PT2_black
0.8652181839082075,0.5684270790108529,0.4918134449860173,RNF5,ring finger protein 5,impute · PR2_PT2_black
0.9398903921618841,0.5232313195585301,0.4917800901312469,PDLIM7,PDZ and LIM domain 7,impute · PR2_PT2_black
0.9037874173623672,0.5427798860868134,0.4905576314426409,CA13,carbonic anhydrase 13,impute · PR2_PT2_black
0.9207329898359979,0.5326048730061366,0.4903868771241621,TJAP1,tight junction associated protein 1,impute · PR2_PT2_black
0.9361809375541068,0.5232485267777702,0.4898552963726181,CACYBP,calcyclin binding protein,impute · PR2_PT2_black
0.8704034828605423,0.5616158292119462,0.48883237377568944,CHMP6,charged multivesicular body protein 6,impute · PR2_PT2_black
0.9714433180232054,0.5031749902731153,0.4888059820972092,RAB27B,"RAB27B, member RAS oncogene family",impute · PR2_PT2_black
0.9144637854771811,0.5345172236174874,0.4887966437120005,CETN2,centrin 2,impute · PR2_PT2_black
0.9251671572642348,0.5266829088138496,0.48726972952696745,ARHGEF12,Rho guanine nucleotide exchange factor 12,impute · PR2_PT2_black
0.9139575546184217,0.5331023127150689,0.4872328860904895,TACC3,transforming acidic coiled-coil containing protein 3,impute · PR2_PT2_black
0.8768386980083308,0.5555772553028933,0.48715163718283094,DTD1,D-aminoacyl-tRNA deacylase 1,impute · PR2_PT2_black
0.9658534774088205,0.5043503407331652,0.48712853042945115,DNAJA2,DnaJ heat shock protein family (Hsp40) member A2,impute · PR2_PT2_black
0.8912039467378706,0.5460109216927609,0.4866070883745709,DMD,dystrophin,impute · PR2_PT2_black
0.8833280784142176,0.5507396769735944,0.486483820567552,PPP1R2,protein phosphatase 1 regulatory inhibitor subunit 2,impute · PR2_PT2_black
0.9168926518692135,0.5304019483468272,0.48632164897632,RHOC,ras homolog family member C,impute · PR2_PT2_black
0.941409715629719,0.5162976107863398,0.4860475869506715,GIGYF2,GRB10 interacting GYF protein 2,impute · PR2_PT2_black
0.9257543499774319,0.5248870603853413,0.48591647939859667,MAP4K5,mitogen-activated protein kinase kinase kinase kinase 5,impute · PR2_PT2_black
0.9075572660666066,0.5353913097558214,0.485898273357813,FXN,frataxin,impute · PR2_PT2_black
0.9173689413371146,0.5294846135464852,0.48573273938343037,INPPL1,inositol polyphosphate phosphatase like 1,impute · PR2_PT2_black
0.9031980397970643,0.536355015525096,0.4844347986575907,LONP1,"lon peptidase 1, mitochondrial",impute · PR2_PT2_black
0.9533553600113848,0.5079838648658694,0.4842891403691756,SMTN,smoothelin,impute · PR2_PT2_black
0.8579160493131307,0.5643178712359929,0.484137358647579,EHD3,EH domain containing 3,impute · PR2_PT2_black
0.9450787879223419,0.5116533601852737,0.4835527374802919,WASHC3,WASH complex subunit 3,impute · PR2_PT2_black
0.9354335363100882,0.5165808460046127,0.483227047568152,APRT,adenine phosphoribosyltransferase,impute · PR2_PT2_black
0.7932812389847621,0.6080157373947399,0.482327477482733,GYS1,glycogen synthase 1,impute · PR2_PT2_black
0.8795492030756422,0.5478145873600562,0.4818298837457492,DAG1,dystroglycan 1,impute · PR2_PT2_black
0.8910421470980658,0.5396815637070516,0.48087901927477283,ARHGAP45,Rho GTPase activating protein 45,impute · PR2_PT2_black
0.894305572600872,0.5366960004321564,0.4799702239790774,CASP3,caspase 3,impute · PR2_PT2_black
0.9117076047022294,0.5262599832414507,0.47979522877169845,HSPA1A,heat shock protein family A (Hsp70) member 1A,impute · PR2_PT2_black
0.9120072813657834,0.5260291178214408,0.4797423856635736,IRAK1,interleukin 1 receptor associated kinase 1,impute · PR2_PT2_black
0.8997080993821115,0.5329797779315236,0.479526223011871,EIF4G1,eukaryotic translation initiation factor 4 gamma 1,impute · PR2_PT2_black
0.9127466134978952,0.5250075288981667,0.4791988440627,GCC1,GRIP and coiled-coil domain containing 1,impute · PR2_PT2_black
0.8941011709724446,0.5351923653011433,0.4785161205112646,NUDC,"nuclear distribution C, dynein complex regulator",impute · PR2_PT2_black
0.9331770438709182,0.5123716240930037,0.47813343753445053,GTPBP2,GTP binding protein 2,impute · PR2_PT2_black
0.8411182830195962,0.5673806793524117,0.47723426283539255,FABP5,fatty acid binding protein 5,impute · PR2_PT2_black
0.931963666450067,0.5120194966477938,0.47718356738979567,STAMBP,STAM binding protein,impute · PR2_PT2_black
0.9368587275855778,0.5083725943885321,0.4762733019182192,STX4,syntaxin 4,impute · PR2_PT2_black
0.9300913183804829,0.5111739693923796,0.47543847111394294,NAP1L4,nucleosome assembly protein 1 like 4,impute · PR2_PT2_black
0.9466407171749807,0.5013227550194637,0.4745725323477622,VTI1A,vesicle transport through interaction with t-SNAREs 1A,impute · PR2_PT2_black
0.889673561706448,0.5333586607242697,0.474515099353542,PAG1,phosphoprotein membrane anchor with glycosphingolipid microdomains 1,impute · PR2_PT2_black
0.92431996898793,0.5127975237735094,0.4739889912714175,CDKN1A,cyclin dependent kinase inhibitor 1A,impute · PR2_PT2_black
0.921045441470791,0.5145150904383888,0.47389177861620985,TRIM25,tripartite motif containing 25,impute · PR2_PT2_black
0.8081776046173968,0.5856821755731323,0.4733352177217997,NDUFB7,NADH:ubiquinone oxidoreductase subunit B7,impute · PR2_PT2_black
0.9343892737372539,0.5062031830854096,0.47299082460666203,TDRKH,tudor and KH domain containing,impute · PR2_PT2_black
0.9430482638566188,0.50058450033416,0.47207534395366263,DCTN1,dynactin subunit 1,impute · PR2_PT2_black
0.9247719243479957,0.5102722757899276,0.47188547442368256,TBL1X,transducin beta like 1 X-linked,impute · PR2_PT2_black
0.9322450139637798,0.5058603353586028,0.47158577540010294,EEF1D,eukaryotic translation elongation factor 1 delta,impute · PR2_PT2_black
0.8917635754493718,0.5278825394136785,0.47074642076483586,RILPL2,Rab interacting lysosomal protein like 2,impute · PR2_PT2_black
0.9142402286962367,0.5146725629101621,0.4705343616186648,CRACR2A,calcium release activated channel regulator 2A,impute · PR2_PT2_black
0.9350623909791329,0.5015834783168793,0.46901184651061123,CNP,"2',3'-cyclic nucleotide 3' phosphodiesterase",impute · PR2_PT2_black
0.9157110919915799,0.5119515152995247,0.4687996811216717,RBPMS2,"RNA binding protein, mRNA processing factor 2",impute · PR2_PT2_black
0.8782918339669328,0.5335294093742072,0.4685945234345669,BAG6,BAG cochaperone 6,impute · PR2_PT2_black
0.9181291765293154,0.5091839233331177,0.4674966162318014,BRAP,BRCA1 associated protein,impute · PR2_PT2_black
0.8897257474269192,0.522381031601317,0.46477585378312686,FYB1,FYN binding protein 1,impute · PR2_PT2_black
0.8821859893392203,0.525699243638145,0.46376450734379676,IST1,IST1 factor associated with ESCRT-III,impute · PR2_PT2_black
0.7061823814368668,0.656570612879614,0.46365859898478906,SPON1,spondin 1,impute · PR2_PT2_black
0.9025815252812095,0.512825819408878,0.46286711028565114,DOK2,docking protein 2,impute · PR2_PT2_black
0.9028381242445165,0.5121535450716665,0.46239174595768284,DOK1,docking protein 1,impute · PR2_PT2_black
0.8665061361213604,0.5336041877553029,0.4623713029500245,HCLS1,hematopoietic cell-specific Lyn substrate 1,impute · PR2_PT2_black
0.8504305082825359,0.5433139729592626,0.4620507781807497,NEXN,nexilin F-actin binding protein,impute · PR2_PT2_black
0.8689629940932526,0.5314802323972558,0.46183665404529717,HEXIM1,HEXIM P-TEFb complex subunit 1,impute · PR2_PT2_black
0.9174888219539693,0.5032913342558989,0.46176417336608605,TBCB,tubulin folding cofactor B,impute · PR2_PT2_black
0.9057091686279759,0.5090298857408031,0.46103303462109635,KAZN,"kazrin, periplakin interacting protein",impute · PR2_PT2_black
0.9067845366343193,0.5077299474993128,0.46040166517853165,YARS1,tyrosyl-tRNA synthetase 1,impute · PR2_PT2_black
0.8664088586872498,0.5308178048805028,0.4599052484973877,GPI,glucose-6-phosphate isomerase,impute · PR2_PT2_black
0.9175137181539574,0.5011901938664973,0.4598488782767527,MAP2K1,mitogen-activated protein kinase kinase 1,impute · PR2_PT2_black
0.8873656622571702,0.5181705500236597,0.45980675328390697,RAB11FIP3,RAB11 family interacting protein 3,impute · PR2_PT2_black
0.8944103632540605,0.5135190842111201,0.45929679064716045,TPD52L2,TPD52 like 2,impute · PR2_PT2_black
0.8930206152948035,0.5142452072441701,0.4592315713855925,CNST,"consortin, connexin sorting protein",impute · PR2_PT2_black
0.9014635097869597,0.5079127499234728,0.4578648102115601,DCTD,dCMP deaminase,impute · PR2_PT2_black
0.8897617507614061,0.5129778132061797,0.456428037180088,TRIM58,tripartite motif containing 58,impute · PR2_PT2_black
0.8550185521200258,0.5334289081039681,0.4560916126660211,TNFAIP2,TNF alpha induced protein 2,impute · PR2_PT2_black
0.8435060267096293,0.5366889632756717,0.452700374991572,P4HB,prolyl 4-hydroxylase subunit beta,impute · PR2_PT2_black
0.9018646628287865,0.50057151831509,0.45144776358693234,CALCOCO1,calcium binding and coiled-coil domain 1,impute · PR2_PT2_black
0.8728702393417785,0.5136812443813285,0.4483770707285128,DECR1,"2,4-dienoyl-CoA reductase 1",impute · PR2_PT2_black
0.836920380283616,0.5351103395324006,0.44784474885515163,CASP7,caspase 7,impute · PR2_PT2_black
0.8381535686974073,0.5342557343326094,0.4477883503279305,FAM13A,family with sequence similarity 13 member A,impute · PR2_PT2_black
0.8374945874885975,0.5319990841450692,0.44554635352038646,ATOX1,antioxidant 1 copper chaperone,impute · PR2_PT2_black
0.8512609363409223,0.5229684365803071,0.44518260100010043,TALDO1,transaldolase 1,impute · PR2_PT2_black
0.8857293416546635,0.5014687734721057,0.4441656065878198,PRKAR1A,protein kinase cAMP-dependent type I regulatory subunit alpha,impute · PR2_PT2_black
0.7774003709766106,0.565012409084036,0.4392408564283181,DXO,decapping exoribonuclease,impute · PR2_PT2_black
0.8439616840349438,0.5203872692255203,0.43918691608591576,MOCS2,molybdenum cofactor synthesis 2,impute · PR2_PT2_black
0.8369015249659111,0.524316993105905,0.43880169109587297,APPL2,"adaptor protein, phosphotyrosine interacting with PH domain and leucine zipper 2",impute · PR2_PT2_black
0.816869850458216,0.5301901581985887,0.43309635524209905,SNX9,sorting nexin 9,impute · PR2_PT2_black
0.8432297283038703,0.5085595161111417,0.42883250259674577,AKT2,AKT serine/threonine kinase 2,impute · PR2_PT2_black
0.8093971597598326,0.5281746510127225,0.42750306238683844,PSTPIP2,proline-serine-threonine phosphatase interacting protein 2,impute · PR2_PT2_black
0.7274335430010266,0.5641012222085344,0.4103461506823636,GATD3,glutamine amidotransferase class 1 domain containing 3,impute · PR2_PT2_black
0.7953378471647593,0.508262449844407,0.40424036265393715,DNAJC9,DnaJ heat shock protein family (Hsp40) member C9,impute · PR2_PT2_black
0.7843133712721144,0.5076877250962302,0.3981862712236947,PLIN3,perilipin 3,impute · PR2_PT2_black
0.7682186724210793,0.5090649253672357,0.39107318114175366,HMOX2,heme oxygenase 2,impute · PR2_PT2_black
0.7269301989718204,0.5257528883342196,0.3821856517268036,PACS2,phosphofurin acidic cluster sorting protein 2,impute · PR2_PT2_black
0.8363643160901504,0.6228118502243595,0.5208976071657376,CRIM1,cysteine rich transmembrane BMP regulator 1,impute · PT1_PT2_lightgrey
0.7592071080608013,0.6483240025353448,0.49221219105126274,EGFLAM,"EGF like, fibronectin type III and laminin G domains",impute · PT1_PT2_lightgrey
0.788139594225442,0.5954026727602302,0.4692604209099914,CTSO,cathepsin O,impute · PT1_PT2_lightgrey
0.7910825452615285,0.5911038098195073,0.4676119063858023,CTSC,cathepsin C,impute · PT1_PT2_lightgrey
0.7859222258354924,0.578463934932179,0.4546276633074555,SERPINC1,serpin family C member 1,impute · PT1_PT2_lightgrey
0.7548870047704123,0.5825013176021085,0.43972267491947437,ANGPT2,angiopoietin 2,impute · PT1_PT2_lightgrey
0.7890964148361373,0.5569061153935253,0.439452619057351,CRIP2,cysteine rich protein 2,impute · PT1_PT2_lightgrey
0.7937867354042655,0.5473486754036814,0.4344781181765372,CLSTN2,calsyntenin 2,impute · PT1_PT2_lightgrey
0.737236568142507,0.5839906381147167,0.4305392538710465,CELSR2,cadherin EGF LAG seven-pass G-type receptor 2,impute · PT1_PT2_lightgrey
0.7741616313948598,0.5011503171750977,0.3879713471183251,NPTX1,neuronal pentraxin 1,impute · PT1_PT2_lightgrey
